DATAFLOW,FREQ: Fréquence,CANTON: Canton,TIME_PERIOD: Période,OBS_VALUE,NOTE_CANTON_2: Note canton 2,NOTE_CANTON_1: Note canton 1,NOTE_YEAR_2: Note année 2,NOTE_YEAR_1: Note année 1,OBS_STATUS: Statut d'observation,DECIMALS: Décimales
LU1:DF_X020(1.1),A: Annuelle,0204: Esch-sur-Alzette,2015,2319.581882,,,,,,1: Un
LU1:DF_X020(1.1),A: Annuelle,0204: Esch-sur-Alzette,2016,2365.087108,,,,,,1: Un
LU1:DF_X020(1.1),A: Annuelle,0204: Esch-sur-Alzette,2017,2395.679443,,,,,,1: Un
LU1:DF_X020(1.1),A: Annuelle,0204: Esch-sur-Alzette,2018,2441.811847,,,,,,1: Un
LU1:DF_X020(1.1),A: Annuelle,0204: Esch-sur-Alzette,2019,2465.644599,,,,,,1: Un
LU1:DF_X020(1.1),A: Annuelle,0204: Esch-sur-Alzette,2020,2523.902439,,,,,,1: Un
LU1:DF_X020(1.1),A: Annuelle,0204: Esch-sur-Alzette,2021,2524.599303,,,,,,1: Un
LU1:DF_X020(1.1),A: Annuelle,0204: Esch-sur-Alzette,2022,2521.045296,,,,,,1: Un
LU1:DF_X020(1.1),A: Annuelle,0204: Esch-sur-Alzette,2023,2552.264808,,,,,,1: Un
LU1:DF_X020(1.1),A: Annuelle,0204: Esch-sur-Alzette,2024,2610.10452961672,,,,,,1: Un
LU1:DF_X020(1.1),A: Annuelle,0504: Troisvierges,2015,80.26941363,,,,,,1: Un
LU1:DF_X020(1.1),A: Annuelle,0504: Troisvierges,2016,82.19756999,,,,,,1: Un
LU1:DF_X020(1.1),A: Annuelle,0504: Troisvierges,2017,82.96354992,,,,,,1: Un
LU1:DF_X020(1.1),A: Annuelle,0504: Troisvierges,2018,83.96724775,,,,,,1: Un
LU1:DF_X020(1.1),A: Annuelle,0504: Troisvierges,2019,84.54833597,,,,,,1: Un
LU1:DF_X020(1.1),A: Annuelle,0504: Troisvierges,2020,87.05758056,,,,,,1: Un
LU1:DF_X020(1.1),A: Annuelle,0504: Troisvierges,2021,88.93291072,,,,,,1: Un
LU1:DF_X020(1.1),A: Annuelle,0504: Troisvierges,2022,91.52139461,,,,,,1: Un
LU1:DF_X020(1.1),A: Annuelle,0504: Troisvierges,2023,92.78922345,,,,,,1: Un
LU1:DF_X020(1.1),A: Annuelle,0504: Troisvierges,2024,94.5589012150026,,,,,,1: Un
LU1:DF_X020(1.1),A: Annuelle,0308: Steinsel,2015,229.9862448,,,,,,1: Un
LU1:DF_X020(1.1),A: Annuelle,0308: Steinsel,2016,237.0930766,,,,,,1: Un
LU1:DF_X020(1.1),A: Annuelle,0308: Steinsel,2017,243.5121504,,,,,,1: Un
LU1:DF_X020(1.1),A: Annuelle,0308: Steinsel,2018,243.9706557,,,,,,1: Un
LU1:DF_X020(1.1),A: Annuelle,0308: Steinsel,2019,247.9596515,,,,,,1: Un
LU1:DF_X020(1.1),A: Annuelle,0308: Steinsel,2020,249.56442,,,,,,1: Un
LU1:DF_X020(1.1),A: Annuelle,0308: Steinsel,2021,252.1779,,,,,,1: Un
LU1:DF_X020(1.1),A: Annuelle,0308: Steinsel,2022,254.1953232,,,,,,1: Un
LU1:DF_X020(1.1),A: Annuelle,0308: Steinsel,2023,253.9660706,,,,,,1: Un
LU1:DF_X020(1.1),A: Annuelle,0308: Steinsel,2024,260.293443374599,,,,,,1: Un
LU1:DF_X020(1.1),A: Annuelle,C07: Redange,2015,65.05289917,,,,,,1: Un
LU1:DF_X020(1.1),A: Annuelle,C07: Redange,2016,65.83049834,,,,,,1: Un
LU1:DF_X020(1.1),A: Annuelle,C07: Redange,2017,68.60443381,,,,,,1: Un
LU1:DF_X020(1.1),A: Annuelle,C07: Redange,2018,69.77457101,,,,,,1: Un
LU1:DF_X020(1.1),A: Annuelle,C07: Redange,2019,71.38958466,,,,,,1: Un
LU1:DF_X020(1.1),A: Annuelle,C07: Redange,2020,72.79898314,,,,,,1: Un
LU1:DF_X020(1.1),A: Annuelle,C07: Redange,2021,74.26819694,,,,,,1: Un
LU1:DF_X020(1.1),A: Annuelle,C07: Redange,2022,76.15611799,,,,,,1: Un
LU1:DF_X020(1.1),A: Annuelle,C07: Redange,2023,78.03656211,,,,,,1: Un
LU1:DF_X020(1.1),A: Annuelle,C07: Redange,2024,79.0235148977532,,,,,,1: Un
LU1:DF_X020(1.1),A: Annuelle,0704: Rambrouch,2015,52.71210014,,,,,,1: Un
LU1:DF_X020(1.1),A: Annuelle,0704: Rambrouch,2016,53.12934631,,,,,,1: Un
LU1:DF_X020(1.1),A: Annuelle,0704: Rambrouch,2017,54.16613984,,,,,,1: Un
LU1:DF_X020(1.1),A: Annuelle,0704: Rambrouch,2018,54.69718043,,,,,,1: Un
LU1:DF_X020(1.1),A: Annuelle,0704: Rambrouch,2019,55.87305601,,,,,,1: Un
LU1:DF_X020(1.1),A: Annuelle,0704: Rambrouch,2020,56.64432925,,,,,,1: Un
LU1:DF_X020(1.1),A: Annuelle,0704: Rambrouch,2021,58.02250601,,,,,,1: Un
LU1:DF_X020(1.1),A: Annuelle,0704: Rambrouch,2022,59.61562777,,,,,,1: Un
LU1:DF_X020(1.1),A: Annuelle,0704: Rambrouch,2023,61.14553041,,,,,,1: Un
LU1:DF_X020(1.1),A: Annuelle,0704: Rambrouch,2024,62.3846251106335,,,,,,1: Un
LU1:DF_X020(1.1),A: Annuelle,0404: Fischbach,2015,58.08261091,,,,,,1: Un
LU1:DF_X020(1.1),A: Annuelle,0404: Fischbach,2016,59.86741458,,,,,,1: Un
LU1:DF_X020(1.1),A: Annuelle,0404: Fischbach,2017,60.93829679,,,,,,1: Un
LU1:DF_X020(1.1),A: Annuelle,0404: Fischbach,2018,63.0290668,,,,,,1: Un
LU1:DF_X020(1.1),A: Annuelle,0404: Fischbach,2019,63.18204997,,,,,,1: Un
LU1:DF_X020(1.1),A: Annuelle,0404: Fischbach,2020,61.9581846,,,,,,1: Un
LU1:DF_X020(1.1),A: Annuelle,0404: Fischbach,2021,63.13105558,,,,,,1: Un
LU1:DF_X020(1.1),A: Annuelle,0404: Fischbach,2022,64.04895461,,,,,,1: Un
LU1:DF_X020(1.1),A: Annuelle,0404: Fischbach,2023,66.70066293,,,,,,1: Un
LU1:DF_X020(1.1),A: Annuelle,0404: Fischbach,2024,66.2927078021418,,,,,,1: Un
LU1:DF_X020(1.1),A: Annuelle,1204: Mondorf-les-Bains,2015,340.4831625,,,,,,1: Un
LU1:DF_X020(1.1),A: Annuelle,1204: Mondorf-les-Bains,2016,351.3909224,,,,,,1: Un
LU1:DF_X020(1.1),A: Annuelle,1204: Mondorf-les-Bains,2017,365.9590044,,,,,,1: Un
LU1:DF_X020(1.1),A: Annuelle,1204: Mondorf-les-Bains,2018,372.0351391,,,,,,1: Un
LU1:DF_X020(1.1),A: Annuelle,1204: Mondorf-les-Bains,2019,386.0175695,,,,,,1: Un
LU1:DF_X020(1.1),A: Annuelle,1204: Mondorf-les-Bains,2020,392.3133236,,,,,,1: Un
LU1:DF_X020(1.1),A: Annuelle,1204: Mondorf-les-Bains,2021,395.6076135,,,,,,1: Un
LU1:DF_X020(1.1),A: Annuelle,1204: Mondorf-les-Bains,2022,397.9502196,,,,,,1: Un
LU1:DF_X020(1.1),A: Annuelle,1204: Mondorf-les-Bains,2023,397.0717423,,,,,,1: Un
LU1:DF_X020(1.1),A: Annuelle,1204: Mondorf-les-Bains,2024,397.657393850659,,,,,,1: Un
LU1:DF_X020(1.1),A: Annuelle,1001: Beaufort,2015,180.349345,,,,,,1: Un
LU1:DF_X020(1.1),A: Annuelle,1001: Beaufort,2016,185.2256186,,,,,,1: Un
LU1:DF_X020(1.1),A: Annuelle,1001: Beaufort,2017,196.43377,,,,,,1: Un
LU1:DF_X020(1.1),A: Annuelle,1001: Beaufort,2018,204.9490539,,,,,,1: Un
LU1:DF_X020(1.1),A: Annuelle,1001: Beaufort,2019,203.930131,,,,,,1: Un
LU1:DF_X020(1.1),A: Annuelle,1001: Beaufort,2020,209.9708879,,,,,,1: Un
LU1:DF_X020(1.1),A: Annuelle,1001: Beaufort,2021,211.1353712,,,,,,1: Un
LU1:DF_X020(1.1),A: Annuelle,1001: Beaufort,2022,219.7234352,,,,,,1: Un
LU1:DF_X020(1.1),A: Annuelle,1001: Beaufort,2023,222.1979622,,,,,,1: Un
LU1:DF_X020(1.1),A: Annuelle,1001: Beaufort,2024,221.542940320233,,,,,,1: Un
LU1:DF_X020(1.1),A: Annuelle,0505: Weiswampach,2015,44.59574468,,,,,,1: Un
LU1:DF_X020(1.1),A: Annuelle,0505: Weiswampach,2016,47.54609929,,,,,,1: Un
LU1:DF_X020(1.1),A: Annuelle,0505: Weiswampach,2017,49.92907801,,,,,,1: Un
LU1:DF_X020(1.1),A: Annuelle,0505: Weiswampach,2018,52.28368794,,,,,,1: Un
LU1:DF_X020(1.1),A: Annuelle,0505: Weiswampach,2019,54.24113475,,,,,,1: Un
LU1:DF_X020(1.1),A: Annuelle,0505: Weiswampach,2020,56.87943262,,,,,,1: Un
LU1:DF_X020(1.1),A: Annuelle,0505: Weiswampach,2021,59.68794326,,,,,,1: Un
LU1:DF_X020(1.1),A: Annuelle,0505: Weiswampach,2022,63.40425532,,,,,,1: Un
LU1:DF_X020(1.1),A: Annuelle,0505: Weiswampach,2023,65.61702128,,,,,,1: Un
LU1:DF_X020(1.1),A: Annuelle,0505: Weiswampach,2024,69.6737588652482,,,,,,1: Un
LU1:DF_X020(1.1),A: Annuelle,0702: Préizerdaul,2015,102.1153846,,,,,,1: Un
LU1:DF_X020(1.1),A: Annuelle,0702: Préizerdaul,2016,103.9102564,,,,,,1: Un
LU1:DF_X020(1.1),A: Annuelle,0702: Préizerdaul,2017,109.2948718,,,,,,1: Un
LU1:DF_X020(1.1),A: Annuelle,0702: Préizerdaul,2018,110.0641026,,,,,,1: Un
LU1:DF_X020(1.1),A: Annuelle,0702: Préizerdaul,2019,109.1666667,,,,,,1: Un
LU1:DF_X020(1.1),A: Annuelle,0702: Préizerdaul,2020,108.8461538,,,,,,1: Un
LU1:DF_X020(1.1),A: Annuelle,0702: Préizerdaul,2021,110.5769231,,,,,,1: Un
LU1:DF_X020(1.1),A: Annuelle,0702: Préizerdaul,2022,113.0128205,,,,,,1: Un
LU1:DF_X020(1.1),A: Annuelle,0702: Préizerdaul,2023,117.1153846,,,,,,1: Un
LU1:DF_X020(1.1),A: Annuelle,0702: Préizerdaul,2024,116.987179487179,,,,,,1: Un
LU1:DF_X020(1.1),A: Annuelle,C11: Grevenmacher,2015,132.2751573,,,,,,1: Un
LU1:DF_X020(1.1),A: Annuelle,C11: Grevenmacher,2016,134.7968018,,,,,,1: Un
LU1:DF_X020(1.1),A: Annuelle,C11: Grevenmacher,2017,139.6839665,,,,,,1: Un
LU1:DF_X020(1.1),A: Annuelle,C11: Grevenmacher,2018,141.1174717,,,,,,1: Un
LU1:DF_X020(1.1),A: Annuelle,C11: Grevenmacher,2019,143.6391162,,,,,,1: Un
LU1:DF_X020(1.1),A: Annuelle,C11: Grevenmacher,2020,146.1276435,,,,,,1: Un
LU1:DF_X020(1.1),A: Annuelle,C11: Grevenmacher,2021,148.4505843,,,,,,1: Un
LU1:DF_X020(1.1),A: Annuelle,C11: Grevenmacher,2022,150.2010692,,,,,,1: Un
LU1:DF_X020(1.1),A: Annuelle,C11: Grevenmacher,2023,153.8723565,,,,,,1: Un
LU1:DF_X020(1.1),A: Annuelle,C11: Grevenmacher,2024,156.346690637271,,,,,,1: Un
LU1:DF_X020(1.1),A: Annuelle,1101: Betzdorf,2015,137.1932515,,,,,,1: Un
LU1:DF_X020(1.1),A: Annuelle,1101: Betzdorf,2016,139.4555215,,,,,,1: Un
LU1:DF_X020(1.1),A: Annuelle,1101: Betzdorf,2017,146.0889571,,,,,,1: Un
LU1:DF_X020(1.1),A: Annuelle,1101: Betzdorf,2018,149.0797546,,,,,,1: Un
LU1:DF_X020(1.1),A: Annuelle,1101: Betzdorf,2019,153.4509202,,,,,,1: Un
LU1:DF_X020(1.1),A: Annuelle,1101: Betzdorf,2020,156.940184,,,,,,1: Un
LU1:DF_X020(1.1),A: Annuelle,1101: Betzdorf,2021,159.0874233,,,,,,1: Un
LU1:DF_X020(1.1),A: Annuelle,1101: Betzdorf,2022,157.4769939,,,,,,1: Un
LU1:DF_X020(1.1),A: Annuelle,1101: Betzdorf,2023,157.4003067,,,,,,1: Un
LU1:DF_X020(1.1),A: Annuelle,1101: Betzdorf,2024,157.553680981595,,,,,,1: Un
LU1:DF_X020(1.1),A: Annuelle,1206: Schengen,2015,141.9159771,,,,,,1: Un
LU1:DF_X020(1.1),A: Annuelle,1206: Schengen,2016,146.8809675,,,,,,1: Un
LU1:DF_X020(1.1),A: Annuelle,1206: Schengen,2017,152.9280713,,,,,,1: Un
LU1:DF_X020(1.1),A: Annuelle,1206: Schengen,2018,153.1508593,,,,,,1: Un
LU1:DF_X020(1.1),A: Annuelle,1206: Schengen,2019,153.8192234,,,,,,1: Un
LU1:DF_X020(1.1),A: Annuelle,1206: Schengen,2020,156.7154679,,,,,,1: Un
LU1:DF_X020(1.1),A: Annuelle,1206: Schengen,2021,157.7339274,,,,,,1: Un
LU1:DF_X020(1.1),A: Annuelle,1206: Schengen,2022,161.9987269,,,,,,1: Un
LU1:DF_X020(1.1),A: Annuelle,1206: Schengen,2023,165.3723743,,,,,,1: Un
LU1:DF_X020(1.1),A: Annuelle,1206: Schengen,2024,164.322087842139,,,,,,1: Un
LU1:DF_X020(1.1),A: Annuelle,0807: Wiltz,2015,162.7261146,,,,,,1: Un
LU1:DF_X020(1.1),A: Annuelle,0807: Wiltz,2016,166.1656051,,,,,,1: Un
LU1:DF_X020(1.1),A: Annuelle,0807: Wiltz,2017,171.4649682,,,,,,1: Un
LU1:DF_X020(1.1),A: Annuelle,0807: Wiltz,2018,174.9299363,,,,,,1: Un
LU1:DF_X020(1.1),A: Annuelle,0807: Wiltz,2019,180.0254777,,,,,,1: Un
LU1:DF_X020(1.1),A: Annuelle,0807: Wiltz,2020,185.2993631,,,,,,1: Un
LU1:DF_X020(1.1),A: Annuelle,0807: Wiltz,2021,191.9235669,,,,,,1: Un
LU1:DF_X020(1.1),A: Annuelle,0807: Wiltz,2022,196.7643312,,,,,,1: Un
LU1:DF_X020(1.1),A: Annuelle,0807: Wiltz,2023,202.522293,,,,,,1: Un
LU1:DF_X020(1.1),A: Annuelle,0807: Wiltz,2024,206.420382165605,,,,,,1: Un
LU1:DF_X020(1.1),A: Annuelle,0901: Tandel,2015,45.2780441,,,,,,1: Un
LU1:DF_X020(1.1),A: Annuelle,0901: Tandel,2016,46.57238734,,,,,,1: Un
LU1:DF_X020(1.1),A: Annuelle,0901: Tandel,2017,48.68168744,,,,,,1: Un
LU1:DF_X020(1.1),A: Annuelle,0901: Tandel,2018,49.08916587,,,,,,1: Un
LU1:DF_X020(1.1),A: Annuelle,0901: Tandel,2019,49.92809204,,,,,,1: Un
LU1:DF_X020(1.1),A: Annuelle,0901: Tandel,2020,53.25982742,,,,,,1: Un
LU1:DF_X020(1.1),A: Annuelle,0901: Tandel,2021,53.06807287,,,,,,1: Un
LU1:DF_X020(1.1),A: Annuelle,0901: Tandel,2022,52.58868648,,,,,,1: Un
LU1:DF_X020(1.1),A: Annuelle,0901: Tandel,2023,53.64333653,,,,,,1: Un
LU1:DF_X020(1.1),A: Annuelle,0901: Tandel,2024,54.9376797698945,,,,,,1: Un
LU1:DF_X020(1.1),A: Annuelle,0101: Dippach,2015,231.7451206,,,,,,1: Un
LU1:DF_X020(1.1),A: Annuelle,0101: Dippach,2016,233.6969001,,,,,,1: Un
LU1:DF_X020(1.1),A: Annuelle,0101: Dippach,2017,239.8392652,,,,,,1: Un
LU1:DF_X020(1.1),A: Annuelle,0101: Dippach,2018,241.6762342,,,,,,1: Un
LU1:DF_X020(1.1),A: Annuelle,0101: Dippach,2019,248.7370838,,,,,,1: Un
LU1:DF_X020(1.1),A: Annuelle,0101: Dippach,2020,255.3960964,,,,,,1: Un
LU1:DF_X020(1.1),A: Annuelle,0101: Dippach,2021,256.0849598,,,,,,1: Un
LU1:DF_X020(1.1),A: Annuelle,0101: Dippach,2022,257.9793341,,,,,,1: Un
LU1:DF_X020(1.1),A: Annuelle,0101: Dippach,2023,266.0734788,,,,,,1: Un
LU1:DF_X020(1.1),A: Annuelle,0101: Dippach,2024,263.662456946039,,,,,,1: Un
LU1:DF_X020(1.1),A: Annuelle,0311: Weiler-la-Tour,2015,127.5922671,,,,,,1: Un
LU1:DF_X020(1.1),A: Annuelle,0311: Weiler-la-Tour,2016,131.5172818,,,,,,1: Un
LU1:DF_X020(1.1),A: Annuelle,0311: Weiler-la-Tour,2017,139.8359695,,,,,,1: Un
LU1:DF_X020(1.1),A: Annuelle,0311: Weiler-la-Tour,2018,139.9531342,,,,,,1: Un
LU1:DF_X020(1.1),A: Annuelle,0311: Weiler-la-Tour,2019,140.5975395,,,,,,1: Un
LU1:DF_X020(1.1),A: Annuelle,0311: Weiler-la-Tour,2020,140.8318688,,,,,,1: Un
LU1:DF_X020(1.1),A: Annuelle,0311: Weiler-la-Tour,2021,143.8781488,,,,,,1: Un
LU1:DF_X020(1.1),A: Annuelle,0311: Weiler-la-Tour,2022,146.2800234,,,,,,1: Un
LU1:DF_X020(1.1),A: Annuelle,0311: Weiler-la-Tour,2023,146.3386057,,,,,,1: Un
LU1:DF_X020(1.1),A: Annuelle,0311: Weiler-la-Tour,2024,146.748681898067,,,,,,1: Un
LU1:DF_X020(1.1),A: Annuelle,0610: Vallée de l'Ernz,2015,63.42813994,,,,,,1: Un
LU1:DF_X020(1.1),A: Annuelle,0610: Vallée de l'Ernz,2016,64.68663478,,,,,,1: Un
LU1:DF_X020(1.1),A: Annuelle,0610: Vallée de l'Ernz,2017,65.21520262,,,,,,1: Un
LU1:DF_X020(1.1),A: Annuelle,0610: Vallée de l'Ernz,2018,65.29071231,,,,,,1: Un
LU1:DF_X020(1.1),A: Annuelle,0610: Vallée de l'Ernz,2019,66.47369746,,,,,,1: Un
LU1:DF_X020(1.1),A: Annuelle,0610: Vallée de l'Ernz,2020,66.77573622,,,,,,1: Un
LU1:DF_X020(1.1),A: Annuelle,0610: Vallée de l'Ernz,2021,67.63151271,,,,,,1: Un
LU1:DF_X020(1.1),A: Annuelle,0610: Vallée de l'Ernz,2022,67.30430405,,,,,,1: Un
LU1:DF_X020(1.1),A: Annuelle,0610: Vallée de l'Ernz,2023,69.72061415,,,,,,1: Un
LU1:DF_X020(1.1),A: Annuelle,0610: Vallée de l'Ernz,2024,70.375031462371,,,,,,1: Un
LU1:DF_X020(1.1),A: Annuelle,C03: Luxembourg,2015,722.6872431,,,,,,1: Un
LU1:DF_X020(1.1),A: Annuelle,C03: Luxembourg,2016,746.3264279,,,,,,1: Un
LU1:DF_X020(1.1),A: Annuelle,C03: Luxembourg,2017,752.1974335,,,,,,1: Un
LU1:DF_X020(1.1),A: Annuelle,C03: Luxembourg,2018,765.7762308,,,,,,1: Un
LU1:DF_X020(1.1),A: Annuelle,C03: Luxembourg,2019,782.240208,,,,,,1: Un
LU1:DF_X020(1.1),A: Annuelle,C03: Luxembourg,2020,795.0641617,,,,,,1: Un
LU1:DF_X020(1.1),A: Annuelle,C03: Luxembourg,2021,811.4945903,,,,,,1: Un
LU1:DF_X020(1.1),A: Annuelle,C03: Luxembourg,2022,832.3240795,,,,,,1: Un
LU1:DF_X020(1.1),A: Annuelle,C03: Luxembourg,2023,856.9906903,,,,,,1: Un
LU1:DF_X020(1.1),A: Annuelle,C03: Luxembourg,2024,870.795940618972,,,,,,1: Un
LU1:DF_X020(1.1),A: Annuelle,C12: Remich,2015,160.4754829,,,,,,1: Un
LU1:DF_X020(1.1),A: Annuelle,C12: Remich,2016,164.0963479,,,,,,1: Un
LU1:DF_X020(1.1),A: Annuelle,C12: Remich,2017,171.9480723,,,,,,1: Un
LU1:DF_X020(1.1),A: Annuelle,C12: Remich,2018,174.91202,,,,,,1: Un
LU1:DF_X020(1.1),A: Annuelle,C12: Remich,2019,178.3530148,,,,,,1: Un
LU1:DF_X020(1.1),A: Annuelle,C12: Remich,2020,181.7783687,,,,,,1: Un
LU1:DF_X020(1.1),A: Annuelle,C12: Remich,2021,184.0071948,,,,,,1: Un
LU1:DF_X020(1.1),A: Annuelle,C12: Remich,2022,185.477438,,,,,,1: Un
LU1:DF_X020(1.1),A: Annuelle,C12: Remich,2023,189.1452256,,,,,,1: Un
LU1:DF_X020(1.1),A: Annuelle,C12: Remich,2024,190.748416360366,,,,,,1: Un
LU1:DF_X020(1.1),A: Annuelle,1006: Rosport-Mompach,2015,59.27807955,,,,,,1: Un
LU1:DF_X020(1.1),A: Annuelle,1006: Rosport-Mompach,2016,61.41580515,,,,,,1: Un
LU1:DF_X020(1.1),A: Annuelle,1006: Rosport-Mompach,2017,63.01033818,,,,,,1: Un
LU1:DF_X020(1.1),A: Annuelle,1006: Rosport-Mompach,2018,64.28946907,,,,,,1: Un
LU1:DF_X020(1.1),A: Annuelle,1006: Rosport-Mompach,2019,63.85141055,,,,,,1: Un
LU1:DF_X020(1.1),A: Annuelle,1006: Rosport-Mompach,2020,63.30821798,,,,,,1: Un
LU1:DF_X020(1.1),A: Annuelle,1006: Rosport-Mompach,2021,63.62362012,,,,,,1: Un
LU1:DF_X020(1.1),A: Annuelle,1006: Rosport-Mompach,2022,63.78132118,,,,,,1: Un
LU1:DF_X020(1.1),A: Annuelle,1006: Rosport-Mompach,2023,64.90275101,,,,,,1: Un
LU1:DF_X020(1.1),A: Annuelle,1006: Rosport-Mompach,2024,65.0779744173822,,,,,,1: Un
LU1:DF_X020(1.1),A: Annuelle,1108: Wormeldange,2015,153.8550725,,,,,,1: Un
LU1:DF_X020(1.1),A: Annuelle,1108: Wormeldange,2016,155.6521739,,,,,,1: Un
LU1:DF_X020(1.1),A: Annuelle,1108: Wormeldange,2017,161.3913043,,,,,,1: Un
LU1:DF_X020(1.1),A: Annuelle,1108: Wormeldange,2018,164.4057971,,,,,,1: Un
LU1:DF_X020(1.1),A: Annuelle,1108: Wormeldange,2019,169.3333333,,,,,,1: Un
LU1:DF_X020(1.1),A: Annuelle,1108: Wormeldange,2020,172.173913,,,,,,1: Un
LU1:DF_X020(1.1),A: Annuelle,1108: Wormeldange,2021,177.0434783,,,,,,1: Un
LU1:DF_X020(1.1),A: Annuelle,1108: Wormeldange,2022,177.6811594,,,,,,1: Un
LU1:DF_X020(1.1),A: Annuelle,1108: Wormeldange,2023,183.826087,,,,,,1: Un
LU1:DF_X020(1.1),A: Annuelle,1108: Wormeldange,2024,185.507246376812,,,,,,1: Un
LU1:DF_X020(1.1),A: Annuelle,0305: Niederanven,2015,138.7088975,,,,,,1: Un
LU1:DF_X020(1.1),A: Annuelle,0305: Niederanven,2016,141.827853,,,,,,1: Un
LU1:DF_X020(1.1),A: Annuelle,0305: Niederanven,2017,147.2437137,,,,,,1: Un
LU1:DF_X020(1.1),A: Annuelle,0305: Niederanven,2018,148.8394584,,,,,,1: Un
LU1:DF_X020(1.1),A: Annuelle,0305: Niederanven,2019,150.4352031,,,,,,1: Un
LU1:DF_X020(1.1),A: Annuelle,0305: Niederanven,2020,152.6112186,,,,,,1: Un
LU1:DF_X020(1.1),A: Annuelle,0305: Niederanven,2021,153.5058027,,,,,,1: Un
LU1:DF_X020(1.1),A: Annuelle,0305: Niederanven,2022,155.9235977,,,,,,1: Un
LU1:DF_X020(1.1),A: Annuelle,0305: Niederanven,2023,161.0251451,,,,,,1: Un
LU1:DF_X020(1.1),A: Annuelle,0305: Niederanven,2024,165.304642166344,,,,,,1: Un
LU1:DF_X020(1.1),A: Annuelle,0401: Colmar-Berg,2015,171.242892,,,,,,1: Un
LU1:DF_X020(1.1),A: Annuelle,0401: Colmar-Berg,2016,171.8115353,,,,,,1: Un
LU1:DF_X020(1.1),A: Annuelle,0401: Colmar-Berg,2017,176.6856214,,,,,,1: Un
LU1:DF_X020(1.1),A: Annuelle,0401: Colmar-Berg,2018,180.1787165,,,,,,1: Un
LU1:DF_X020(1.1),A: Annuelle,0401: Colmar-Berg,2019,177.6604387,,,,,,1: Un
LU1:DF_X020(1.1),A: Annuelle,0401: Colmar-Berg,2020,178.0666125,,,,,,1: Un
LU1:DF_X020(1.1),A: Annuelle,0401: Colmar-Berg,2021,181.8034119,,,,,,1: Un
LU1:DF_X020(1.1),A: Annuelle,0401: Colmar-Berg,2022,184.3216897,,,,,,1: Un
LU1:DF_X020(1.1),A: Annuelle,0401: Colmar-Berg,2023,189.7644192,,,,,,1: Un
LU1:DF_X020(1.1),A: Annuelle,0401: Colmar-Berg,2024,197.31925264013,,,,,,1: Un
LU1:DF_X020(1.1),A: Annuelle,0302: Contern,2015,170.1216545,,,,,,1: Un
LU1:DF_X020(1.1),A: Annuelle,0302: Contern,2016,170.8515815,,,,,,1: Un
LU1:DF_X020(1.1),A: Annuelle,0302: Contern,2017,181.8004866,,,,,,1: Un
LU1:DF_X020(1.1),A: Annuelle,0302: Contern,2018,185.6934307,,,,,,1: Un
LU1:DF_X020(1.1),A: Annuelle,0302: Contern,2019,188.0778589,,,,,,1: Un
LU1:DF_X020(1.1),A: Annuelle,0302: Contern,2020,191.6788321,,,,,,1: Un
LU1:DF_X020(1.1),A: Annuelle,0302: Contern,2021,193.0900243,,,,,,1: Un
LU1:DF_X020(1.1),A: Annuelle,0302: Contern,2022,203.2603406,,,,,,1: Un
LU1:DF_X020(1.1),A: Annuelle,0302: Contern,2023,212.8467153,,,,,,1: Un
LU1:DF_X020(1.1),A: Annuelle,0302: Contern,2024,219.610705596107,,,,,,1: Un
LU1:DF_X020(1.1),A: Annuelle,1002: Bech,2015,54.05405405,,,,,,1: Un
LU1:DF_X020(1.1),A: Annuelle,1002: Bech,2016,52.80995281,,,,,,1: Un
LU1:DF_X020(1.1),A: Annuelle,1002: Bech,2017,55.21235521,,,,,,1: Un
LU1:DF_X020(1.1),A: Annuelle,1002: Bech,2018,54.26855427,,,,,,1: Un
LU1:DF_X020(1.1),A: Annuelle,1002: Bech,2019,54.01115401,,,,,,1: Un
LU1:DF_X020(1.1),A: Annuelle,1002: Bech,2020,54.61175461,,,,,,1: Un
LU1:DF_X020(1.1),A: Annuelle,1002: Bech,2021,55.98455598,,,,,,1: Un
LU1:DF_X020(1.1),A: Annuelle,1002: Bech,2022,57.05705706,,,,,,1: Un
LU1:DF_X020(1.1),A: Annuelle,1002: Bech,2023,58.21535822,,,,,,1: Un
LU1:DF_X020(1.1),A: Annuelle,1002: Bech,2024,57.3573573573574,,,,,,1: Un
LU1:DF_X020(1.1),A: Annuelle,1103: Flaxweiler,2015,62.6450116,,,,,,1: Un
LU1:DF_X020(1.1),A: Annuelle,1103: Flaxweiler,2016,65.56181637,,,,,,1: Un
LU1:DF_X020(1.1),A: Annuelle,1103: Flaxweiler,2017,68.27974809,,,,,,1: Un
LU1:DF_X020(1.1),A: Annuelle,1103: Flaxweiler,2018,69.90387802,,,,,,1: Un
LU1:DF_X020(1.1),A: Annuelle,1103: Flaxweiler,2019,71.09711634,,,,,,1: Un
LU1:DF_X020(1.1),A: Annuelle,1103: Flaxweiler,2020,71.19655287,,,,,,1: Un
LU1:DF_X020(1.1),A: Annuelle,1103: Flaxweiler,2021,71.52800795,,,,,,1: Un
LU1:DF_X020(1.1),A: Annuelle,1103: Flaxweiler,2022,71.39542592,,,,,,1: Un
LU1:DF_X020(1.1),A: Annuelle,1103: Flaxweiler,2023,72.68810076,,,,,,1: Un
LU1:DF_X020(1.1),A: Annuelle,1103: Flaxweiler,2024,72.8869738150481,,,,,,1: Un
LU1:DF_X020(1.1),A: Annuelle,0105: Kehlen,2015,190.7381121,,,,,,1: Un
LU1:DF_X020(1.1),A: Annuelle,0105: Kehlen,2016,193.6479773,,,,,,1: Un
LU1:DF_X020(1.1),A: Annuelle,0105: Kehlen,2017,209.4748048,,,,,,1: Un
LU1:DF_X020(1.1),A: Annuelle,0105: Kehlen,2018,214.9041874,,,,,,1: Un
LU1:DF_X020(1.1),A: Annuelle,0105: Kehlen,2019,217.9914833,,,,,,1: Un
LU1:DF_X020(1.1),A: Annuelle,0105: Kehlen,2020,221.1497516,,,,,,1: Un
LU1:DF_X020(1.1),A: Annuelle,0105: Kehlen,2021,217.8140525,,,,,,1: Un
LU1:DF_X020(1.1),A: Annuelle,0105: Kehlen,2022,219.4109297,,,,,,1: Un
LU1:DF_X020(1.1),A: Annuelle,0105: Kehlen,2023,226.7920511,,,,,,1: Un
LU1:DF_X020(1.1),A: Annuelle,0105: Kehlen,2024,243.399574166075,,,,,,1: Un
LU1:DF_X020(1.1),A: Annuelle,0403: Helperknapp,2015,100.3988301,,,,,,1: Un
LU1:DF_X020(1.1),A: Annuelle,0403: Helperknapp,2016,103.3767615,,,,,,1: Un
LU1:DF_X020(1.1),A: Annuelle,0403: Helperknapp,2017,108.8806169,,,,,,1: Un
LU1:DF_X020(1.1),A: Annuelle,0403: Helperknapp,2018,111.0608881,,,,,,1: Un
LU1:DF_X020(1.1),A: Annuelle,0403: Helperknapp,2019,112.7625631,,,,,,1: Un
LU1:DF_X020(1.1),A: Annuelle,0403: Helperknapp,2020,116.6445094,,,,,,1: Un
LU1:DF_X020(1.1),A: Annuelle,0403: Helperknapp,2021,120.6593991,,,,,,1: Un
LU1:DF_X020(1.1),A: Annuelle,0403: Helperknapp,2022,124.8338208,,,,,,1: Un
LU1:DF_X020(1.1),A: Annuelle,0403: Helperknapp,2023,131.3746344,,,,,,1: Un
LU1:DF_X020(1.1),A: Annuelle,0403: Helperknapp,2024,136.001063546929,,,,,,1: Un
LU1:DF_X020(1.1),A: Annuelle,0607: Mertzig,2015,180,,,,,,1: Un
LU1:DF_X020(1.1),A: Annuelle,0607: Mertzig,2016,187.3873874,,,,,,1: Un
LU1:DF_X020(1.1),A: Annuelle,0607: Mertzig,2017,190.5405405,,,,,,1: Un
LU1:DF_X020(1.1),A: Annuelle,0607: Mertzig,2018,199.2792793,,,,,,1: Un
LU1:DF_X020(1.1),A: Annuelle,0607: Mertzig,2019,202.7927928,,,,,,1: Un
LU1:DF_X020(1.1),A: Annuelle,0607: Mertzig,2020,206.5765766,,,,,,1: Un
LU1:DF_X020(1.1),A: Annuelle,0607: Mertzig,2021,205.8558559,,,,,,1: Un
LU1:DF_X020(1.1),A: Annuelle,0607: Mertzig,2022,207.7477477,,,,,,1: Un
LU1:DF_X020(1.1),A: Annuelle,0607: Mertzig,2023,213.5135135,,,,,,1: Un
LU1:DF_X020(1.1),A: Annuelle,0607: Mertzig,2024,218.198198198198,,,,,,1: Un
LU1:DF_X020(1.1),A: Annuelle,C08: Wiltz,2015,58.004158,,,,,,1: Un
LU1:DF_X020(1.1),A: Annuelle,C08: Wiltz,2016,59.27045927,,,,,,1: Un
LU1:DF_X020(1.1),A: Annuelle,C08: Wiltz,2017,62.17728218,,,,,,1: Un
LU1:DF_X020(1.1),A: Annuelle,C08: Wiltz,2018,63.25836326,,,,,,1: Un
LU1:DF_X020(1.1),A: Annuelle,C08: Wiltz,2019,64.81950482,,,,,,1: Un
LU1:DF_X020(1.1),A: Annuelle,C08: Wiltz,2020,66.64902665,,,,,,1: Un
LU1:DF_X020(1.1),A: Annuelle,C08: Wiltz,2021,68.78472878,,,,,,1: Un
LU1:DF_X020(1.1),A: Annuelle,C08: Wiltz,2022,70.48951049,,,,,,1: Un
LU1:DF_X020(1.1),A: Annuelle,C08: Wiltz,2023,72.61009261,,,,,,1: Un
LU1:DF_X020(1.1),A: Annuelle,C08: Wiltz,2024,73.8234738234738,,,,,,1: Un
LU1:DF_X020(1.1),A: Annuelle,0307: Schuttrange,2015,250.4968944,,,,,,1: Un
LU1:DF_X020(1.1),A: Annuelle,0307: Schuttrange,2016,257.5776398,,,,,,1: Un
LU1:DF_X020(1.1),A: Annuelle,0307: Schuttrange,2017,250.1863354,,,,,,1: Un
LU1:DF_X020(1.1),A: Annuelle,0307: Schuttrange,2018,258.136646,,,,,,1: Un
LU1:DF_X020(1.1),A: Annuelle,0307: Schuttrange,2019,258.757764,,,,,,1: Un
LU1:DF_X020(1.1),A: Annuelle,0307: Schuttrange,2020,265.4658385,,,,,,1: Un
LU1:DF_X020(1.1),A: Annuelle,0307: Schuttrange,2021,265.3416149,,,,,,1: Un
LU1:DF_X020(1.1),A: Annuelle,0307: Schuttrange,2022,268.1987578,,,,,,1: Un
LU1:DF_X020(1.1),A: Annuelle,0307: Schuttrange,2023,272.484472,,,,,,1: Un
LU1:DF_X020(1.1),A: Annuelle,0307: Schuttrange,2024,275.527950310559,,,,,,1: Un
LU1:DF_X020(1.1),A: Annuelle,0212: Rumelange,2015,781.5519766,,,,,,1: Un
LU1:DF_X020(1.1),A: Annuelle,0212: Rumelange,2016,793.8506589,,,,,,1: Un
LU1:DF_X020(1.1),A: Annuelle,0212: Rumelange,2017,815.9590044,,,,,,1: Un
LU1:DF_X020(1.1),A: Annuelle,0212: Rumelange,2018,811.8594436,,,,,,1: Un
LU1:DF_X020(1.1),A: Annuelle,0212: Rumelange,2019,821.0834553,,,,,,1: Un
LU1:DF_X020(1.1),A: Annuelle,0212: Rumelange,2020,820.4978038,,,,,,1: Un
LU1:DF_X020(1.1),A: Annuelle,0212: Rumelange,2021,821.8155198,,,,,,1: Un
LU1:DF_X020(1.1),A: Annuelle,0212: Rumelange,2022,832.3572474,,,,,,1: Un
LU1:DF_X020(1.1),A: Annuelle,0212: Rumelange,2023,833.3821376,,,,,,1: Un
LU1:DF_X020(1.1),A: Annuelle,0212: Rumelange,2024,845.534407027818,,,,,,1: Un
LU1:DF_X020(1.1),A: Annuelle,0804: Goesdorf,2015,48.7249235,,,,,,1: Un
LU1:DF_X020(1.1),A: Annuelle,0804: Goesdorf,2016,49.84699082,,,,,,1: Un
LU1:DF_X020(1.1),A: Annuelle,0804: Goesdorf,2017,52.46514791,,,,,,1: Un
LU1:DF_X020(1.1),A: Annuelle,0804: Goesdorf,2018,51.47908875,,,,,,1: Un
LU1:DF_X020(1.1),A: Annuelle,0804: Goesdorf,2019,52.43114587,,,,,,1: Un
LU1:DF_X020(1.1),A: Annuelle,0804: Goesdorf,2020,53.31519891,,,,,,1: Un
LU1:DF_X020(1.1),A: Annuelle,0804: Goesdorf,2021,54.233254,,,,,,1: Un
LU1:DF_X020(1.1),A: Annuelle,0804: Goesdorf,2022,55.49132948,,,,,,1: Un
LU1:DF_X020(1.1),A: Annuelle,0804: Goesdorf,2023,56.57939476,,,,,,1: Un
LU1:DF_X020(1.1),A: Annuelle,0804: Goesdorf,2024,56.5453927235634,,,,,,1: Un
LU1:DF_X020(1.1),A: Annuelle,1205: Remich,2015,657.0888469,,,,,,1: Un
LU1:DF_X020(1.1),A: Annuelle,1205: Remich,2016,658.2230624,,,,,,1: Un
LU1:DF_X020(1.1),A: Annuelle,1205: Remich,2017,686.5784499,,,,,,1: Un
LU1:DF_X020(1.1),A: Annuelle,1205: Remich,2018,689.0359168,,,,,,1: Un
LU1:DF_X020(1.1),A: Annuelle,1205: Remich,2019,700.7561437,,,,,,1: Un
LU1:DF_X020(1.1),A: Annuelle,1205: Remich,2020,705.4820416,,,,,,1: Un
LU1:DF_X020(1.1),A: Annuelle,1205: Remich,2021,715.879017,,,,,,1: Un
LU1:DF_X020(1.1),A: Annuelle,1205: Remich,2022,723.0623819,,,,,,1: Un
LU1:DF_X020(1.1),A: Annuelle,1205: Remich,2023,758.979206,,,,,,1: Un
LU1:DF_X020(1.1),A: Annuelle,1205: Remich,2024,775.23629489603,,,,,,1: Un
LU1:DF_X020(1.1),A: Annuelle,0801: Boulaide,2015,33.95580454,,,,,,1: Un
LU1:DF_X020(1.1),A: Annuelle,0801: Boulaide,2016,34.92063492,,,,,,1: Un
LU1:DF_X020(1.1),A: Annuelle,0801: Boulaide,2017,38.06411453,,,,,,1: Un
LU1:DF_X020(1.1),A: Annuelle,0801: Boulaide,2018,39.09119203,,,,,,1: Un
LU1:DF_X020(1.1),A: Annuelle,0801: Boulaide,2019,40.67849362,,,,,,1: Un
LU1:DF_X020(1.1),A: Annuelle,0801: Boulaide,2020,41.83006536,,,,,,1: Un
LU1:DF_X020(1.1),A: Annuelle,0801: Boulaide,2021,43.2928727,,,,,,1: Un
LU1:DF_X020(1.1),A: Annuelle,0801: Boulaide,2022,44.84905073,,,,,,1: Un
LU1:DF_X020(1.1),A: Annuelle,0801: Boulaide,2023,46.65421724,,,,,,1: Un
LU1:DF_X020(1.1),A: Annuelle,0801: Boulaide,2024,47.3389355742297,,,,,,1: Un
LU1:DF_X020(1.1),A: Annuelle,0102: Garnich,2015,95.03579952,,,,,,1: Un
LU1:DF_X020(1.1),A: Annuelle,0102: Garnich,2016,97.51789976,,,,,,1: Un
LU1:DF_X020(1.1),A: Annuelle,0102: Garnich,2017,100.1909308,,,,,,1: Un
LU1:DF_X020(1.1),A: Annuelle,0102: Garnich,2018,101.6229117,,,,,,1: Un
LU1:DF_X020(1.1),A: Annuelle,0102: Garnich,2019,103.4367542,,,,,,1: Un
LU1:DF_X020(1.1),A: Annuelle,0102: Garnich,2020,104.6778043,,,,,,1: Un
LU1:DF_X020(1.1),A: Annuelle,0102: Garnich,2021,106.0143198,,,,,,1: Un
LU1:DF_X020(1.1),A: Annuelle,0102: Garnich,2022,107.5417661,,,,,,1: Un
LU1:DF_X020(1.1),A: Annuelle,0102: Garnich,2023,109.2601432,,,,,,1: Un
LU1:DF_X020(1.1),A: Annuelle,0102: Garnich,2024,110.167064439141,,,,,,1: Un
LU1:DF_X020(1.1),A: Annuelle,0301: Bertrange,2015,394.9971248,,,,,,1: Un
LU1:DF_X020(1.1),A: Annuelle,0301: Bertrange,2016,424.7843588,,,,,,1: Un
LU1:DF_X020(1.1),A: Annuelle,0301: Bertrange,2017,459.9769983,,,,,,1: Un
LU1:DF_X020(1.1),A: Annuelle,0301: Bertrange,2018,469.0626797,,,,,,1: Un
LU1:DF_X020(1.1),A: Annuelle,0301: Bertrange,2019,476.2507188,,,,,,1: Un
LU1:DF_X020(1.1),A: Annuelle,0301: Bertrange,2020,484.8763657,,,,,,1: Un
LU1:DF_X020(1.1),A: Annuelle,0301: Bertrange,2021,487.1765382,,,,,,1: Un
LU1:DF_X020(1.1),A: Annuelle,0301: Bertrange,2022,490.5117884,,,,,,1: Un
LU1:DF_X020(1.1),A: Annuelle,0301: Bertrange,2023,498.4473836,,,,,,1: Un
LU1:DF_X020(1.1),A: Annuelle,0301: Bertrange,2024,511.328349626222,,,,,,1: Un
LU1:DF_X020(1.1),A: Annuelle,0407: Lintgen,2015,183.4754098,,,,,,1: Un
LU1:DF_X020(1.1),A: Annuelle,0407: Lintgen,2016,184.3278689,,,,,,1: Un
LU1:DF_X020(1.1),A: Annuelle,0407: Lintgen,2017,190.295082,,,,,,1: Un
LU1:DF_X020(1.1),A: Annuelle,0407: Lintgen,2018,199.2786885,,,,,,1: Un
LU1:DF_X020(1.1),A: Annuelle,0407: Lintgen,2019,203.8032787,,,,,,1: Un
LU1:DF_X020(1.1),A: Annuelle,0407: Lintgen,2020,206.8852459,,,,,,1: Un
LU1:DF_X020(1.1),A: Annuelle,0407: Lintgen,2021,212.1311475,,,,,,1: Un
LU1:DF_X020(1.1),A: Annuelle,0407: Lintgen,2022,222.8196721,,,,,,1: Un
LU1:DF_X020(1.1),A: Annuelle,0407: Lintgen,2023,225.3114754,,,,,,1: Un
LU1:DF_X020(1.1),A: Annuelle,0407: Lintgen,2024,228.655737704918,,,,,,1: Un
LU1:DF_X020(1.1),A: Annuelle,0502: Wincrange,2015,36.15913903,,,,,,1: Un
LU1:DF_X020(1.1),A: Annuelle,0502: Wincrange,2016,36.52964008,,,,,,1: Un
LU1:DF_X020(1.1),A: Annuelle,0502: Wincrange,2017,37.28828511,,,,,,1: Un
LU1:DF_X020(1.1),A: Annuelle,0502: Wincrange,2018,38.24982357,,,,,,1: Un
LU1:DF_X020(1.1),A: Annuelle,0502: Wincrange,2019,38.74382498,,,,,,1: Un
LU1:DF_X020(1.1),A: Annuelle,0502: Wincrange,2020,39.72300635,,,,,,1: Un
LU1:DF_X020(1.1),A: Annuelle,0502: Wincrange,2021,40.34932957,,,,,,1: Un
LU1:DF_X020(1.1),A: Annuelle,0502: Wincrange,2022,41.38143966,,,,,,1: Un
LU1:DF_X020(1.1),A: Annuelle,0502: Wincrange,2023,42.37826394,,,,,,1: Un
LU1:DF_X020(1.1),A: Annuelle,0502: Wincrange,2024,43.3662667607622,,,,,,1: Un
LU1:DF_X020(1.1),A: Annuelle,1104: Grevenmacher,2015,288.288835,,,,,,1: Un
LU1:DF_X020(1.1),A: Annuelle,1104: Grevenmacher,2016,290.8980583,,,,,,1: Un
LU1:DF_X020(1.1),A: Annuelle,1104: Grevenmacher,2017,298.7257282,,,,,,1: Un
LU1:DF_X020(1.1),A: Annuelle,1104: Grevenmacher,2018,298.6043689,,,,,,1: Un
LU1:DF_X020(1.1),A: Annuelle,1104: Grevenmacher,2019,297.5728155,,,,,,1: Un
LU1:DF_X020(1.1),A: Annuelle,1104: Grevenmacher,2020,299.5145631,,,,,,1: Un
LU1:DF_X020(1.1),A: Annuelle,1104: Grevenmacher,2021,302.2451456,,,,,,1: Un
LU1:DF_X020(1.1),A: Annuelle,1104: Grevenmacher,2022,304.7330097,,,,,,1: Un
LU1:DF_X020(1.1),A: Annuelle,1104: Grevenmacher,2023,308.9805825,,,,,,1: Un
LU1:DF_X020(1.1),A: Annuelle,1104: Grevenmacher,2024,315.109223300971,,,,,,1: Un
LU1:DF_X020(1.1),A: Annuelle,0209: Pétange,2015,1473.763621,,,,,,1: Un
LU1:DF_X020(1.1),A: Annuelle,0209: Pétange,2016,1506.538139,,,,,,1: Un
LU1:DF_X020(1.1),A: Annuelle,0209: Pétange,2017,1528.751048,,,,,,1: Un
LU1:DF_X020(1.1),A: Annuelle,0209: Pétange,2018,1566.471081,,,,,,1: Un
LU1:DF_X020(1.1),A: Annuelle,0209: Pétange,2019,1605.532272,,,,,,1: Un
LU1:DF_X020(1.1),A: Annuelle,0209: Pétange,2020,1640.737636,,,,,,1: Un
LU1:DF_X020(1.1),A: Annuelle,0209: Pétange,2021,1683.487008,,,,,,1: Un
LU1:DF_X020(1.1),A: Annuelle,0209: Pétange,2022,1710.645432,,,,,,1: Un
LU1:DF_X020(1.1),A: Annuelle,0209: Pétange,2023,1723.637888,,,,,,1: Un
LU1:DF_X020(1.1),A: Annuelle,0209: Pétange,2024,1752.13746856664,,,,,,1: Un
LU1:DF_X020(1.1),A: Annuelle,0208: Mondercange,2015,300,,,,,,1: Un
LU1:DF_X020(1.1),A: Annuelle,0208: Mondercange,2016,304.2056075,,,,,,1: Un
LU1:DF_X020(1.1),A: Annuelle,0208: Mondercange,2017,313.4579439,,,,,,1: Un
LU1:DF_X020(1.1),A: Annuelle,0208: Mondercange,2018,324.1121495,,,,,,1: Un
LU1:DF_X020(1.1),A: Annuelle,0208: Mondercange,2019,325.1869159,,,,,,1: Un
LU1:DF_X020(1.1),A: Annuelle,0208: Mondercange,2020,327.4299065,,,,,,1: Un
LU1:DF_X020(1.1),A: Annuelle,0208: Mondercange,2021,326.2616822,,,,,,1: Un
LU1:DF_X020(1.1),A: Annuelle,0208: Mondercange,2022,325.4205607,,,,,,1: Un
LU1:DF_X020(1.1),A: Annuelle,0208: Mondercange,2023,332.6635514,,,,,,1: Un
LU1:DF_X020(1.1),A: Annuelle,0208: Mondercange,2024,339.906542056075,,,,,,1: Un
LU1:DF_X020(1.1),A: Annuelle,C04: Mersch,2015,133.3943725,,,,,,1: Un
LU1:DF_X020(1.1),A: Annuelle,C04: Mersch,2016,135.6945065,,,,,,1: Un
LU1:DF_X020(1.1),A: Annuelle,C04: Mersch,2017,140.0223314,,,,,,1: Un
LU1:DF_X020(1.1),A: Annuelle,C04: Mersch,2018,143.4211702,,,,,,1: Un
LU1:DF_X020(1.1),A: Annuelle,C04: Mersch,2019,146.1589996,,,,,,1: Un
LU1:DF_X020(1.1),A: Annuelle,C04: Mersch,2020,148.8432336,,,,,,1: Un
LU1:DF_X020(1.1),A: Annuelle,C04: Mersch,2021,152.1348816,,,,,,1: Un
LU1:DF_X020(1.1),A: Annuelle,C04: Mersch,2022,155.0736936,,,,,,1: Un
LU1:DF_X020(1.1),A: Annuelle,C04: Mersch,2023,158.9057615,,,,,,1: Un
LU1:DF_X020(1.1),A: Annuelle,C04: Mersch,2024,161.956230460027,,,,,,1: Un
LU1:DF_X020(1.1),A: Annuelle,0409: Mersch,2015,177.7442702,,,,,,1: Un
LU1:DF_X020(1.1),A: Annuelle,0409: Mersch,2016,181.8657016,,,,,,1: Un
LU1:DF_X020(1.1),A: Annuelle,0409: Mersch,2017,184.8612786,,,,,,1: Un
LU1:DF_X020(1.1),A: Annuelle,0409: Mersch,2018,189.7868918,,,,,,1: Un
LU1:DF_X020(1.1),A: Annuelle,0409: Mersch,2019,193.8681142,,,,,,1: Un
LU1:DF_X020(1.1),A: Annuelle,0409: Mersch,2020,197.3462002,,,,,,1: Un
LU1:DF_X020(1.1),A: Annuelle,0409: Mersch,2021,201.4073181,,,,,,1: Un
LU1:DF_X020(1.1),A: Annuelle,0409: Mersch,2022,204.4028951,,,,,,1: Un
LU1:DF_X020(1.1),A: Annuelle,0409: Mersch,2023,208.9465219,,,,,,1: Un
LU1:DF_X020(1.1),A: Annuelle,0409: Mersch,2024,211.479694410937,,,,,,1: Un
LU1:DF_X020(1.1),A: Annuelle,0207: Leudelange,2015,176.8607222,,,,,,1: Un
LU1:DF_X020(1.1),A: Annuelle,0207: Leudelange,2016,180.1768607,,,,,,1: Un
LU1:DF_X020(1.1),A: Annuelle,0207: Leudelange,2017,191.3043478,,,,,,1: Un
LU1:DF_X020(1.1),A: Annuelle,0207: Leudelange,2018,190.0515844,,,,,,1: Un
LU1:DF_X020(1.1),A: Annuelle,0207: Leudelange,2019,196.6101695,,,,,,1: Un
LU1:DF_X020(1.1),A: Annuelle,0207: Leudelange,2020,199.1156964,,,,,,1: Un
LU1:DF_X020(1.1),A: Annuelle,0207: Leudelange,2021,199.2630803,,,,,,1: Un
LU1:DF_X020(1.1),A: Annuelle,0207: Leudelange,2022,199.7052321,,,,,,1: Un
LU1:DF_X020(1.1),A: Annuelle,0207: Leudelange,2023,203.8319823,,,,,,1: Un
LU1:DF_X020(1.1),A: Annuelle,0207: Leudelange,2024,204.863669859985,,,,,,1: Un
LU1:DF_X020(1.1),A: Annuelle,0201: Bettembourg,2015,473.6156352,,,,,,1: Un
LU1:DF_X020(1.1),A: Annuelle,0201: Bettembourg,2016,483.9460214,,,,,,1: Un
LU1:DF_X020(1.1),A: Annuelle,0201: Bettembourg,2017,499.5812006,,,,,,1: Un
LU1:DF_X020(1.1),A: Annuelle,0201: Bettembourg,2018,512.005584,,,,,,1: Un
LU1:DF_X020(1.1),A: Annuelle,0201: Bettembourg,2019,521.0330386,,,,,,1: Un
LU1:DF_X020(1.1),A: Annuelle,0201: Bettembourg,2020,526.7100977,,,,,,1: Un
LU1:DF_X020(1.1),A: Annuelle,0201: Bettembourg,2021,529.2694276,,,,,,1: Un
LU1:DF_X020(1.1),A: Annuelle,0201: Bettembourg,2022,530.7119591,,,,,,1: Un
LU1:DF_X020(1.1),A: Annuelle,0201: Bettembourg,2023,531.5030247,,,,,,1: Un
LU1:DF_X020(1.1),A: Annuelle,0201: Bettembourg,2024,536.109818520242,,,,,,1: Un
LU1:DF_X020(1.1),A: Annuelle,0110: Steinfort,2015,385.0328947,,,,,,1: Un
LU1:DF_X020(1.1),A: Annuelle,0110: Steinfort,2016,391.6118421,,,,,,1: Un
LU1:DF_X020(1.1),A: Annuelle,0110: Steinfort,2017,417.8453947,,,,,,1: Un
LU1:DF_X020(1.1),A: Annuelle,0110: Steinfort,2018,421.5460526,,,,,,1: Un
LU1:DF_X020(1.1),A: Annuelle,0110: Steinfort,2019,434.2927632,,,,,,1: Un
LU1:DF_X020(1.1),A: Annuelle,0110: Steinfort,2020,448.9309211,,,,,,1: Un
LU1:DF_X020(1.1),A: Annuelle,0110: Steinfort,2021,461.9243421,,,,,,1: Un
LU1:DF_X020(1.1),A: Annuelle,0110: Steinfort,2022,473.1907895,,,,,,1: Un
LU1:DF_X020(1.1),A: Annuelle,0110: Steinfort,2023,482.8125,,,,,,1: Un
LU1:DF_X020(1.1),A: Annuelle,0110: Steinfort,2024,493.421052631579,,,,,,1: Un
LU1:DF_X020(1.1),A: Annuelle,0808: Winseler,2015,37.47534517,,,,,,1: Un
LU1:DF_X020(1.1),A: Annuelle,0808: Winseler,2016,38.19855358,,,,,,1: Un
LU1:DF_X020(1.1),A: Annuelle,0808: Winseler,2017,42.24194609,,,,,,1: Un
LU1:DF_X020(1.1),A: Annuelle,0808: Winseler,2018,44.18145957,,,,,,1: Un
LU1:DF_X020(1.1),A: Annuelle,0808: Winseler,2019,44.87179487,,,,,,1: Un
LU1:DF_X020(1.1),A: Annuelle,0808: Winseler,2020,44.87179487,,,,,,1: Un
LU1:DF_X020(1.1),A: Annuelle,0808: Winseler,2021,46.12097304,,,,,,1: Un
LU1:DF_X020(1.1),A: Annuelle,0808: Winseler,2022,47.304405,,,,,,1: Un
LU1:DF_X020(1.1),A: Annuelle,0808: Winseler,2023,47.83037475,,,,,,1: Un
LU1:DF_X020(1.1),A: Annuelle,0808: Winseler,2024,49.8027613412229,,,,,,1: Un
LU1:DF_X020(1.1),A: Annuelle,1105: Junglinster,2015,128.0967858,,,,,,1: Un
LU1:DF_X020(1.1),A: Annuelle,1105: Junglinster,2016,131.1123149,,,,,,1: Un
LU1:DF_X020(1.1),A: Annuelle,1105: Junglinster,2017,136.0960636,,,,,,1: Un
LU1:DF_X020(1.1),A: Annuelle,1105: Junglinster,2018,137.4684001,,,,,,1: Un
LU1:DF_X020(1.1),A: Annuelle,1105: Junglinster,2019,140.8811845,,,,,,1: Un
LU1:DF_X020(1.1),A: Annuelle,1105: Junglinster,2020,146.0816179,,,,,,1: Un
LU1:DF_X020(1.1),A: Annuelle,1105: Junglinster,2021,148.6637775,,,,,,1: Un
LU1:DF_X020(1.1),A: Annuelle,1105: Junglinster,2022,152.9433008,,,,,,1: Un
LU1:DF_X020(1.1),A: Annuelle,1105: Junglinster,2023,155.687974,,,,,,1: Un
LU1:DF_X020(1.1),A: Annuelle,1105: Junglinster,2024,158.902130733117,,,,,,1: Un
LU1:DF_X020(1.1),A: Annuelle,T: Total,2015,217.6642076,"LU: Jusqu'en 1970 et pour les années 1981, 1991, 2001 et 2011 : date du recensement général de la population. Pour les autres années: situation au 1er janvier. Rupture de séries: à partir de 1821, Source: STATEC à partir de 2017, Source: STATEC et CTIE",,,,,1: Un
LU1:DF_X020(1.1),A: Annuelle,T: Total,2016,222.8030901,"LU: Jusqu'en 1970 et pour les années 1981, 1991, 2001 et 2011 : date du recensement général de la population. Pour les autres années: situation au 1er janvier. Rupture de séries: à partir de 1821, Source: STATEC à partir de 2017, Source: STATEC et CTIE",,,,,1: Un
LU1:DF_X020(1.1),A: Annuelle,T: Total,2017,228.37772,"LU: Jusqu'en 1970 et pour les années 1981, 1991, 2001 et 2011 : date du recensement général de la population. Pour les autres années: situation au 1er janvier. Rupture de séries: à partir de 1821, Source: STATEC à partir de 2017, Source: STATEC et CTIE",,,,,1: Un
LU1:DF_X020(1.1),A: Annuelle,T: Total,2018,232.7614872,"LU: Jusqu'en 1970 et pour les années 1981, 1991, 2001 et 2011 : date du recensement général de la population. Pour les autres années: situation au 1er janvier. Rupture de séries: à partir de 1821, Source: STATEC à partir de 2017, Source: STATEC et CTIE",,,,,1: Un
LU1:DF_X020(1.1),A: Annuelle,T: Total,2019,237.3582951,"LU: Jusqu'en 1970 et pour les années 1981, 1991, 2001 et 2011 : date du recensement général de la population. Pour les autres années: situation au 1er janvier. Rupture de séries: à partir de 1821, Source: STATEC à partir de 2017, Source: STATEC et CTIE",,,,,1: Un
LU1:DF_X020(1.1),A: Annuelle,T: Total,2020,242.0807622,"LU: Jusqu'en 1970 et pour les années 1981, 1991, 2001 et 2011 : date du recensement général de la population. Pour les autres années: situation au 1er janvier. Rupture de séries: à partir de 1821, Source: STATEC à partir de 2017, Source: STATEC et CTIE",,,,,1: Un
LU1:DF_X020(1.1),A: Annuelle,T: Total,2021,245.4144048,"LU: Jusqu'en 1970 et pour les années 1981, 1991, 2001 et 2011 : date du recensement général de la population. Pour les autres années: situation au 1er janvier. Rupture de séries: à partir de 1821, Source: STATEC à partir de 2017, Source: STATEC et CTIE",,,,,1: Un
LU1:DF_X020(1.1),A: Annuelle,T: Total,2022,249.538734,"LU: Jusqu'en 1970 et pour les années 1981, 1991, 2001 et 2011 : date du recensement général de la population. Pour les autres années: situation au 1er janvier. Rupture de séries: à partir de 1821, Source: STATEC à partir de 2017, Source: STATEC et CTIE",,,,,1: Un
LU1:DF_X020(1.1),A: Annuelle,T: Total,2023,255.4976879,"LU: Jusqu'en 1970 et pour les années 1981, 1991, 2001 et 2011 : date du recensement général de la population. Pour les autres années: situation au 1er janvier. Rupture de séries: à partir de 1821, Source: STATEC à partir de 2017, Source: STATEC et CTIE",,,,,1: Un
LU1:DF_X020(1.1),A: Annuelle,T: Total,2024,259.84395057146,"LU: Jusqu'en 1970 et pour les années 1981, 1991, 2001 et 2011 : date du recensement général de la population. Pour les autres années: situation au 1er janvier. Rupture de séries: à partir de 1821, Source: STATEC à partir de 2017, Source: STATEC et CTIE",,,,,1: Un
LU1:DF_X020(1.1),A: Annuelle,0103: Habscht,2015,129.344817,,,,,,1: Un
LU1:DF_X020(1.1),A: Annuelle,0103: Habscht,2016,130.6367272,,,,,,1: Un
LU1:DF_X020(1.1),A: Annuelle,0103: Habscht,2017,133.1897878,,,,,,1: Un
LU1:DF_X020(1.1),A: Annuelle,0103: Habscht,2018,136.1427253,,,,,,1: Un
LU1:DF_X020(1.1),A: Annuelle,0103: Habscht,2019,139.2802215,,,,,,1: Un
LU1:DF_X020(1.1),A: Annuelle,0103: Habscht,2020,145.4936942,,,,,,1: Un
LU1:DF_X020(1.1),A: Annuelle,0103: Habscht,2021,147.7391572,,,,,,1: Un
LU1:DF_X020(1.1),A: Annuelle,0103: Habscht,2022,152.1378038,,,,,,1: Un
LU1:DF_X020(1.1),A: Annuelle,0103: Habscht,2023,153.552753,,,,,,1: Un
LU1:DF_X020(1.1),A: Annuelle,0103: Habscht,2024,158.228237465395,,,,,,1: Un
LU1:DF_X020(1.1),A: Annuelle,0211: Roeser,2015,241.0084034,,,,,,1: Un
LU1:DF_X020(1.1),A: Annuelle,0211: Roeser,2016,247.5210084,,,,,,1: Un
LU1:DF_X020(1.1),A: Annuelle,0211: Roeser,2017,257.3529412,,,,,,1: Un
LU1:DF_X020(1.1),A: Annuelle,0211: Roeser,2018,263.7815126,,,,,,1: Un
LU1:DF_X020(1.1),A: Annuelle,0211: Roeser,2019,271.3865546,,,,,,1: Un
LU1:DF_X020(1.1),A: Annuelle,0211: Roeser,2020,275.2521008,,,,,,1: Un
LU1:DF_X020(1.1),A: Annuelle,0211: Roeser,2021,275.6302521,,,,,,1: Un
LU1:DF_X020(1.1),A: Annuelle,0211: Roeser,2022,277.5210084,,,,,,1: Un
LU1:DF_X020(1.1),A: Annuelle,0211: Roeser,2023,279.7058824,,,,,,1: Un
LU1:DF_X020(1.1),A: Annuelle,0211: Roeser,2024,290.714285714286,,,,,,1: Un
LU1:DF_X020(1.1),A: Annuelle,C02: Esch,2015,678.0244676,,,,,,1: Un
LU1:DF_X020(1.1),A: Annuelle,C02: Esch,2016,691.8276558,,,,,,1: Un
LU1:DF_X020(1.1),A: Annuelle,C02: Esch,2017,711.3193558,,,,,,1: Un
LU1:DF_X020(1.1),A: Annuelle,C02: Esch,2018,728.3436998,,,,,,1: Un
LU1:DF_X020(1.1),A: Annuelle,C02: Esch,2019,742.575277,,,,,,1: Un
LU1:DF_X020(1.1),A: Annuelle,C02: Esch,2020,755.2992544,,,,,,1: Un
LU1:DF_X020(1.1),A: Annuelle,C02: Esch,2021,762.7960621,,,,,,1: Un
LU1:DF_X020(1.1),A: Annuelle,C02: Esch,2022,768.0850187,,,,,,1: Un
LU1:DF_X020(1.1),A: Annuelle,C02: Esch,2023,780.738971,,,,,,1: Un
LU1:DF_X020(1.1),A: Annuelle,C02: Esch,2024,793.916052230506,,,,,,1: Un
LU1:DF_X020(1.1),A: Annuelle,0214: Schifflange,2015,1256.679637,,,,,,1: Un
LU1:DF_X020(1.1),A: Annuelle,0214: Schifflange,2016,1287.159533,,,,,,1: Un
LU1:DF_X020(1.1),A: Annuelle,0214: Schifflange,2017,1346.1738,,,,,,1: Un
LU1:DF_X020(1.1),A: Annuelle,0214: Schifflange,2018,1394.293126,,,,,,1: Un
LU1:DF_X020(1.1),A: Annuelle,0214: Schifflange,2019,1450.064851,,,,,,1: Un
LU1:DF_X020(1.1),A: Annuelle,0214: Schifflange,2020,1464.721141,,,,,,1: Un
LU1:DF_X020(1.1),A: Annuelle,0214: Schifflange,2021,1464.461738,,,,,,1: Un
LU1:DF_X020(1.1),A: Annuelle,0214: Schifflange,2022,1445.006485,,,,,,1: Un
LU1:DF_X020(1.1),A: Annuelle,0214: Schifflange,2023,1473.800259,,,,,,1: Un
LU1:DF_X020(1.1),A: Annuelle,0214: Schifflange,2024,1493.77431906615,,,,,,1: Un
LU1:DF_X020(1.1),A: Annuelle,0711: Groussbus-Wal,2015,47.603513174404,,,,,,1: Un
LU1:DF_X020(1.1),A: Annuelle,0711: Groussbus-Wal,2016,48.7578419071518,,,,,,1: Un
LU1:DF_X020(1.1),A: Annuelle,0711: Groussbus-Wal,2017,49.861982434128,,,,,,1: Un
LU1:DF_X020(1.1),A: Annuelle,0711: Groussbus-Wal,2018,51.6687578419072,,,,,,1: Un
LU1:DF_X020(1.1),A: Annuelle,0711: Groussbus-Wal,2019,52.9234629861982,,,,,,1: Un
LU1:DF_X020(1.1),A: Annuelle,0711: Groussbus-Wal,2020,53.8268506900878,,,,,,1: Un
LU1:DF_X020(1.1),A: Annuelle,0711: Groussbus-Wal,2021,53.9021329987453,,,,,,1: Un
LU1:DF_X020(1.1),A: Annuelle,0711: Groussbus-Wal,2022,54.9058971141782,,,,,,1: Un
LU1:DF_X020(1.1),A: Annuelle,0711: Groussbus-Wal,2023,55.7340025094103,,,,,,1: Un
LU1:DF_X020(1.1),A: Annuelle,0711: Groussbus-Wal,2024,57.3400250941029,,,,,,1: Un
LU1:DF_X020(1.1),A: Annuelle,1203: Lenningen,2015,88.6977887,,,,,,1: Un
LU1:DF_X020(1.1),A: Annuelle,1203: Lenningen,2016,88.45208845,,,,,,1: Un
LU1:DF_X020(1.1),A: Annuelle,1203: Lenningen,2017,92.67813268,,,,,,1: Un
LU1:DF_X020(1.1),A: Annuelle,1203: Lenningen,2018,94.54545455,,,,,,1: Un
LU1:DF_X020(1.1),A: Annuelle,1203: Lenningen,2019,95.38083538,,,,,,1: Un
LU1:DF_X020(1.1),A: Annuelle,1203: Lenningen,2020,99.11547912,,,,,,1: Un
LU1:DF_X020(1.1),A: Annuelle,1203: Lenningen,2021,101.7690418,,,,,,1: Un
LU1:DF_X020(1.1),A: Annuelle,1203: Lenningen,2022,100.7371007,,,,,,1: Un
LU1:DF_X020(1.1),A: Annuelle,1203: Lenningen,2023,101.7199017,,,,,,1: Un
LU1:DF_X020(1.1),A: Annuelle,1203: Lenningen,2024,105.601965601966,,,,,,1: Un
LU1:DF_X020(1.1),A: Annuelle,0802: Esch-sur-Sûre,2015,48.32227858,,,,,,1: Un
LU1:DF_X020(1.1),A: Annuelle,0802: Esch-sur-Sûre,2016,50.1755755,,,,,,1: Un
LU1:DF_X020(1.1),A: Annuelle,0802: Esch-sur-Sûre,2017,51.50214592,,,,,,1: Un
LU1:DF_X020(1.1),A: Annuelle,0802: Esch-sur-Sûre,2018,51.52165431,,,,,,1: Un
LU1:DF_X020(1.1),A: Annuelle,0802: Esch-sur-Sûre,2019,52.96527507,,,,,,1: Un
LU1:DF_X020(1.1),A: Annuelle,0802: Esch-sur-Sûre,2020,55.69644947,,,,,,1: Un
LU1:DF_X020(1.1),A: Annuelle,0802: Esch-sur-Sûre,2021,58.17401483,,,,,,1: Un
LU1:DF_X020(1.1),A: Annuelle,0802: Esch-sur-Sûre,2022,58.68123293,,,,,,1: Un
LU1:DF_X020(1.1),A: Annuelle,0802: Esch-sur-Sûre,2023,61.04174795,,,,,,1: Un
LU1:DF_X020(1.1),A: Annuelle,0802: Esch-sur-Sûre,2024,62.1927428794382,,,,,,1: Un
LU1:DF_X020(1.1),A: Annuelle,0213: Sanem,2015,631.2448812,,,,,,1: Un
LU1:DF_X020(1.1),A: Annuelle,0213: Sanem,2016,644.8812449,,,,,,1: Un
LU1:DF_X020(1.1),A: Annuelle,0213: Sanem,2017,660.7698608,,,,,,1: Un
LU1:DF_X020(1.1),A: Annuelle,0213: Sanem,2018,687.1416871,,,,,,1: Un
LU1:DF_X020(1.1),A: Annuelle,0213: Sanem,2019,707.4938575,,,,,,1: Un
LU1:DF_X020(1.1),A: Annuelle,0213: Sanem,2020,718.6732187,,,,,,1: Un
LU1:DF_X020(1.1),A: Annuelle,0213: Sanem,2021,732.8009828,,,,,,1: Un
LU1:DF_X020(1.1),A: Annuelle,0213: Sanem,2022,735.012285,,,,,,1: Un
LU1:DF_X020(1.1),A: Annuelle,0213: Sanem,2023,750.7371007,,,,,,1: Un
LU1:DF_X020(1.1),A: Annuelle,0213: Sanem,2024,758.886158886159,,,,,,1: Un
LU1:DF_X020(1.1),A: Annuelle,C09: Vianden,2015,61.72949567,,,,,,1: Un
LU1:DF_X020(1.1),A: Annuelle,C09: Vianden,2016,63.05399898,,,,,,1: Un
LU1:DF_X020(1.1),A: Annuelle,C09: Vianden,2017,65.74121243,,,,,,1: Un
LU1:DF_X020(1.1),A: Annuelle,C09: Vianden,2018,65.75394804,,,,,,1: Un
LU1:DF_X020(1.1),A: Annuelle,C09: Vianden,2019,67.34589913,,,,,,1: Un
LU1:DF_X020(1.1),A: Annuelle,C09: Vianden,2020,70.17320428,,,,,,1: Un
LU1:DF_X020(1.1),A: Annuelle,C09: Vianden,2021,69.81660723,,,,,,1: Un
LU1:DF_X020(1.1),A: Annuelle,C09: Vianden,2022,70.24961793,,,,,,1: Un
LU1:DF_X020(1.1),A: Annuelle,C09: Vianden,2023,71.24299542,,,,,,1: Un
LU1:DF_X020(1.1),A: Annuelle,C09: Vianden,2024,72.3382577687213,,,,,,1: Un
LU1:DF_X020(1.1),A: Annuelle,0309: Strassen,2015,749.3930906,,,,,,1: Un
LU1:DF_X020(1.1),A: Annuelle,0309: Strassen,2016,793.3706816,,,,,,1: Un
LU1:DF_X020(1.1),A: Annuelle,0309: Strassen,2017,824.2763772,,,,,,1: Un
LU1:DF_X020(1.1),A: Annuelle,0309: Strassen,2018,861.9981326,,,,,,1: Un
LU1:DF_X020(1.1),A: Annuelle,0309: Strassen,2019,895.3314659,,,,,,1: Un
LU1:DF_X020(1.1),A: Annuelle,0309: Strassen,2020,923.2492997,,,,,,1: Un
LU1:DF_X020(1.1),A: Annuelle,0309: Strassen,2021,956.9561158,,,,,,1: Un
LU1:DF_X020(1.1),A: Annuelle,0309: Strassen,2022,963.5854342,,,,,,1: Un
LU1:DF_X020(1.1),A: Annuelle,0309: Strassen,2023,983.9402428,,,,,,1: Un
LU1:DF_X020(1.1),A: Annuelle,0309: Strassen,2024,989.169000933707,,,,,,1: Un
LU1:DF_X020(1.1),A: Annuelle,0203: Dudelange,2015,923.0121609,,,,,,1: Un
LU1:DF_X020(1.1),A: Annuelle,0203: Dudelange,2016,935.5940131,,,,,,1: Un
LU1:DF_X020(1.1),A: Annuelle,0203: Dudelange,2017,957.9045837,,,,,,1: Un
LU1:DF_X020(1.1),A: Annuelle,0203: Dudelange,2018,976.0991581,,,,,,1: Un
LU1:DF_X020(1.1),A: Annuelle,0203: Dudelange,2019,986.2956034,,,,,,1: Un
LU1:DF_X020(1.1),A: Annuelle,0203: Dudelange,2020,995.8372311,,,,,,1: Un
LU1:DF_X020(1.1),A: Annuelle,0203: Dudelange,2021,1006.220767,,,,,,1: Un
LU1:DF_X020(1.1),A: Annuelle,0203: Dudelange,2022,1009.494855,,,,,,1: Un
LU1:DF_X020(1.1),A: Annuelle,0203: Dudelange,2023,1026.800748,,,,,,1: Un
LU1:DF_X020(1.1),A: Annuelle,0203: Dudelange,2024,1031.01028999065,,,,,,1: Un
LU1:DF_X020(1.1),A: Annuelle,0503: Parc Hosingen,2015,46.66666667,,,,,,1: Un
LU1:DF_X020(1.1),A: Annuelle,0503: Parc Hosingen,2016,47.4168436,,,,,,1: Un
LU1:DF_X020(1.1),A: Annuelle,0503: Parc Hosingen,2017,48.60580326,,,,,,1: Un
LU1:DF_X020(1.1),A: Annuelle,0503: Parc Hosingen,2018,49.46921444,,,,,,1: Un
LU1:DF_X020(1.1),A: Annuelle,0503: Parc Hosingen,2019,50.82802548,,,,,,1: Un
LU1:DF_X020(1.1),A: Annuelle,0503: Parc Hosingen,2020,51.93205945,,,,,,1: Un
LU1:DF_X020(1.1),A: Annuelle,0503: Parc Hosingen,2021,52.82377919,,,,,,1: Un
LU1:DF_X020(1.1),A: Annuelle,0503: Parc Hosingen,2022,54.53644728,,,,,,1: Un
LU1:DF_X020(1.1),A: Annuelle,0503: Parc Hosingen,2023,57.12668082,,,,,,1: Un
LU1:DF_X020(1.1),A: Annuelle,0503: Parc Hosingen,2024,58.6128803963199,,,,,,1: Un
LU1:DF_X020(1.1),A: Annuelle,1003: Berdorf,2015,83.26493388,,,,,,1: Un
LU1:DF_X020(1.1),A: Annuelle,1003: Berdorf,2016,88.05289558,,,,,,1: Un
LU1:DF_X020(1.1),A: Annuelle,1003: Berdorf,2017,85.27131783,,,,,,1: Un
LU1:DF_X020(1.1),A: Annuelle,1003: Berdorf,2018,79.6625627,,,,,,1: Un
LU1:DF_X020(1.1),A: Annuelle,1003: Berdorf,2019,81.80574555,,,,,,1: Un
LU1:DF_X020(1.1),A: Annuelle,1003: Berdorf,2020,85.18011856,,,,,,1: Un
LU1:DF_X020(1.1),A: Annuelle,1003: Berdorf,2021,88.96488828,,,,,,1: Un
LU1:DF_X020(1.1),A: Annuelle,1003: Berdorf,2022,90.46967624,,,,,,1: Un
LU1:DF_X020(1.1),A: Annuelle,1003: Berdorf,2023,101.1855905,,,,,,1: Un
LU1:DF_X020(1.1),A: Annuelle,1003: Berdorf,2024,102.325581395349,,,,,,1: Un
LU1:DF_X020(1.1),A: Annuelle,0104: Käerjeng,2015,296.3765964,,,,,,1: Un
LU1:DF_X020(1.1),A: Annuelle,0104: Käerjeng,2016,297.980398,,,,,,1: Un
LU1:DF_X020(1.1),A: Annuelle,0104: Käerjeng,2017,303.8907039,,,,,,1: Un
LU1:DF_X020(1.1),A: Annuelle,0104: Käerjeng,2018,305.7321057,,,,,,1: Un
LU1:DF_X020(1.1),A: Annuelle,0104: Käerjeng,2019,309.1476091,,,,,,1: Un
LU1:DF_X020(1.1),A: Annuelle,0104: Käerjeng,2020,310.7811108,,,,,,1: Un
LU1:DF_X020(1.1),A: Annuelle,0104: Käerjeng,2021,312.3552124,,,,,,1: Un
LU1:DF_X020(1.1),A: Annuelle,0104: Käerjeng,2022,320.01782,,,,,,1: Un
LU1:DF_X020(1.1),A: Annuelle,0104: Käerjeng,2023,327.1458271,,,,,,1: Un
LU1:DF_X020(1.1),A: Annuelle,0104: Käerjeng,2024,331.422631422631,,,,,,1: Un
LU1:DF_X020(1.1),A: Annuelle,0306: Sandweiler,2015,449.9353169,,,,,,1: Un
LU1:DF_X020(1.1),A: Annuelle,0306: Sandweiler,2016,446.313066,,,,,,1: Un
LU1:DF_X020(1.1),A: Annuelle,0306: Sandweiler,2017,464.683053,,,,,,1: Un
LU1:DF_X020(1.1),A: Annuelle,0306: Sandweiler,2018,471.1513583,,,,,,1: Un
LU1:DF_X020(1.1),A: Annuelle,0306: Sandweiler,2019,475.549806,,,,,,1: Un
LU1:DF_X020(1.1),A: Annuelle,0306: Sandweiler,2020,478.3958603,,,,,,1: Un
LU1:DF_X020(1.1),A: Annuelle,0306: Sandweiler,2021,473.3505821,,,,,,1: Un
LU1:DF_X020(1.1),A: Annuelle,0306: Sandweiler,2022,480.2069858,,,,,,1: Un
LU1:DF_X020(1.1),A: Annuelle,0306: Sandweiler,2023,485.2522639,,,,,,1: Un
LU1:DF_X020(1.1),A: Annuelle,0306: Sandweiler,2024,491.203104786546,,,,,,1: Un
LU1:DF_X020(1.1),A: Annuelle,0410: Nommern,2015,58.51158645,,,,,,1: Un
LU1:DF_X020(1.1),A: Annuelle,0410: Nommern,2016,59.31372549,,,,,,1: Un
LU1:DF_X020(1.1),A: Annuelle,0410: Nommern,2017,62.07664884,,,,,,1: Un
LU1:DF_X020(1.1),A: Annuelle,0410: Nommern,2018,61.54188948,,,,,,1: Un
LU1:DF_X020(1.1),A: Annuelle,0410: Nommern,2019,63.32442068,,,,,,1: Un
LU1:DF_X020(1.1),A: Annuelle,0410: Nommern,2020,62.43315508,,,,,,1: Un
LU1:DF_X020(1.1),A: Annuelle,0410: Nommern,2021,64.12655971,,,,,,1: Un
LU1:DF_X020(1.1),A: Annuelle,0410: Nommern,2022,64.52762923,,,,,,1: Un
LU1:DF_X020(1.1),A: Annuelle,0410: Nommern,2023,64.03743316,,,,,,1: Un
LU1:DF_X020(1.1),A: Annuelle,0410: Nommern,2024,66.1319073083779,,,,,,1: Un
LU1:DF_X020(1.1),A: Annuelle,0605: Ettelbruck,2015,549.8682477,,,,,,1: Un
LU1:DF_X020(1.1),A: Annuelle,0605: Ettelbruck,2016,562.6482213,,,,,,1: Un
LU1:DF_X020(1.1),A: Annuelle,0605: Ettelbruck,2017,581.884058,,,,,,1: Un
LU1:DF_X020(1.1),A: Annuelle,0605: Ettelbruck,2018,575.428195,,,,,,1: Un
LU1:DF_X020(1.1),A: Annuelle,0605: Ettelbruck,2019,588.0105402,,,,,,1: Un
LU1:DF_X020(1.1),A: Annuelle,0605: Ettelbruck,2020,602.6350461,,,,,,1: Un
LU1:DF_X020(1.1),A: Annuelle,0605: Ettelbruck,2021,609.0909091,,,,,,1: Un
LU1:DF_X020(1.1),A: Annuelle,0605: Ettelbruck,2022,616.7325428,,,,,,1: Un
LU1:DF_X020(1.1),A: Annuelle,0605: Ettelbruck,2023,638.2081686,,,,,,1: Un
LU1:DF_X020(1.1),A: Annuelle,0605: Ettelbruck,2024,656.455862977602,,,,,,1: Un
LU1:DF_X020(1.1),A: Annuelle,0202: Differdange,2015,1095.761948,,,,,,1: Un
LU1:DF_X020(1.1),A: Annuelle,0202: Differdange,2016,1118.349865,,,,,,1: Un
LU1:DF_X020(1.1),A: Annuelle,0202: Differdange,2017,1145.266005,,,,,,1: Un
LU1:DF_X020(1.1),A: Annuelle,0202: Differdange,2018,1180.928765,,,,,,1: Un
LU1:DF_X020(1.1),A: Annuelle,0202: Differdange,2019,1208.115419,,,,,,1: Un
LU1:DF_X020(1.1),A: Annuelle,0202: Differdange,2020,1235.752931,,,,,,1: Un
LU1:DF_X020(1.1),A: Annuelle,0202: Differdange,2021,1256.492335,,,,,,1: Un
LU1:DF_X020(1.1),A: Annuelle,0202: Differdange,2022,1291.298467,,,,,,1: Un
LU1:DF_X020(1.1),A: Annuelle,0202: Differdange,2023,1331.650135,,,,,,1: Un
LU1:DF_X020(1.1),A: Annuelle,0202: Differdange,2024,1368.98106402164,,,,,,1: Un
LU1:DF_X020(1.1),A: Annuelle,C06: Diekirch,2015,151.6991834,,,,,,1: Un
LU1:DF_X020(1.1),A: Annuelle,C06: Diekirch,2016,155.5865239,,,,,,1: Un
LU1:DF_X020(1.1),A: Annuelle,C06: Diekirch,2017,157.6646619,,,,,,1: Un
LU1:DF_X020(1.1),A: Annuelle,C06: Diekirch,2018,159.1266931,,,,,,1: Un
LU1:DF_X020(1.1),A: Annuelle,C06: Diekirch,2019,162.4174857,,,,,,1: Un
LU1:DF_X020(1.1),A: Annuelle,C06: Diekirch,2020,165.1850765,,,,,,1: Un
LU1:DF_X020(1.1),A: Annuelle,C06: Diekirch,2021,165.9772138,,,,,,1: Un
LU1:DF_X020(1.1),A: Annuelle,C06: Diekirch,2022,167.7619676,,,,,,1: Un
LU1:DF_X020(1.1),A: Annuelle,C06: Diekirch,2023,171.874236,,,,,,1: Un
LU1:DF_X020(1.1),A: Annuelle,C06: Diekirch,2024,174.876534154809,,,,,,1: Un
LU1:DF_X020(1.1),A: Annuelle,0707: Saeul,2015,47.77927322,,,,,,1: Un
LU1:DF_X020(1.1),A: Annuelle,0707: Saeul,2016,48.65410498,,,,,,1: Un
LU1:DF_X020(1.1),A: Annuelle,0707: Saeul,2017,52.48990579,,,,,,1: Un
LU1:DF_X020(1.1),A: Annuelle,0707: Saeul,2018,53.1628533,,,,,,1: Un
LU1:DF_X020(1.1),A: Annuelle,0707: Saeul,2019,56.79676985,,,,,,1: Un
LU1:DF_X020(1.1),A: Annuelle,0707: Saeul,2020,57.67160162,,,,,,1: Un
LU1:DF_X020(1.1),A: Annuelle,0707: Saeul,2021,58.81561238,,,,,,1: Un
LU1:DF_X020(1.1),A: Annuelle,0707: Saeul,2022,64.46837147,,,,,,1: Un
LU1:DF_X020(1.1),A: Annuelle,0707: Saeul,2023,66.15074024,,,,,,1: Un
LU1:DF_X020(1.1),A: Annuelle,0707: Saeul,2024,65.9488559892328,,,,,,1: Un
LU1:DF_X020(1.1),A: Annuelle,1004: Consdorf,2015,73.21150855,,,,,,1: Un
LU1:DF_X020(1.1),A: Annuelle,1004: Consdorf,2016,73.95023328,,,,,,1: Un
LU1:DF_X020(1.1),A: Annuelle,1004: Consdorf,2017,75.93312597,,,,,,1: Un
LU1:DF_X020(1.1),A: Annuelle,1004: Consdorf,2018,77.95489891,,,,,,1: Un
LU1:DF_X020(1.1),A: Annuelle,1004: Consdorf,2019,78.69362364,,,,,,1: Un
LU1:DF_X020(1.1),A: Annuelle,1004: Consdorf,2020,81.6874028,,,,,,1: Un
LU1:DF_X020(1.1),A: Annuelle,1004: Consdorf,2021,82.54276827,,,,,,1: Un
LU1:DF_X020(1.1),A: Annuelle,1004: Consdorf,2022,82.27060653,,,,,,1: Un
LU1:DF_X020(1.1),A: Annuelle,1004: Consdorf,2023,82.30948678,,,,,,1: Un
LU1:DF_X020(1.1),A: Annuelle,1004: Consdorf,2024,82.6982892690513,,,,,,1: Un
LU1:DF_X020(1.1),A: Annuelle,0902: Putscheid,2015,39.43973461,,,,,,1: Un
LU1:DF_X020(1.1),A: Annuelle,0902: Putscheid,2016,40.17692591,,,,,,1: Un
LU1:DF_X020(1.1),A: Annuelle,0902: Putscheid,2017,41.39329156,,,,,,1: Un
LU1:DF_X020(1.1),A: Annuelle,0902: Putscheid,2018,40.54552156,,,,,,1: Un
LU1:DF_X020(1.1),A: Annuelle,0902: Putscheid,2019,41.46701069,,,,,,1: Un
LU1:DF_X020(1.1),A: Annuelle,0902: Putscheid,2020,42.38849982,,,,,,1: Un
LU1:DF_X020(1.1),A: Annuelle,0902: Putscheid,2021,40.80353852,,,,,,1: Un
LU1:DF_X020(1.1),A: Annuelle,0902: Putscheid,2022,41.72502764,,,,,,1: Un
LU1:DF_X020(1.1),A: Annuelle,0902: Putscheid,2023,42.49907851,,,,,,1: Un
LU1:DF_X020(1.1),A: Annuelle,0902: Putscheid,2024,43.3468485071876,,,,,,1: Un
LU1:DF_X020(1.1),A: Annuelle,1005: Echternach,2015,260.8101513,,,,,,1: Un
LU1:DF_X020(1.1),A: Annuelle,1005: Echternach,2016,256.1737433,,,,,,1: Un
LU1:DF_X020(1.1),A: Annuelle,1005: Echternach,2017,269.8877501,,,,,,1: Un
LU1:DF_X020(1.1),A: Annuelle,1005: Echternach,2018,273.9873109,,,,,,1: Un
LU1:DF_X020(1.1),A: Annuelle,1005: Echternach,2019,274.1825281,,,,,,1: Un
LU1:DF_X020(1.1),A: Annuelle,1005: Echternach,2020,274.1337238,,,,,,1: Un
LU1:DF_X020(1.1),A: Annuelle,1005: Echternach,2021,275.7442655,,,,,,1: Un
LU1:DF_X020(1.1),A: Annuelle,1005: Echternach,2022,278.4285017,,,,,,1: Un
LU1:DF_X020(1.1),A: Annuelle,1005: Echternach,2023,286.4812103,,,,,,1: Un
LU1:DF_X020(1.1),A: Annuelle,1005: Echternach,2024,286.432406051733,,,,,,1: Un
LU1:DF_X020(1.1),A: Annuelle,0603: Diekirch,2015,541.7069243,,,,,,1: Un
LU1:DF_X020(1.1),A: Annuelle,0603: Diekirch,2016,555.2334944,,,,,,1: Un
LU1:DF_X020(1.1),A: Annuelle,0603: Diekirch,2017,521.0950081,,,,,,1: Un
LU1:DF_X020(1.1),A: Annuelle,0603: Diekirch,2018,543.9613527,,,,,,1: Un
LU1:DF_X020(1.1),A: Annuelle,0603: Diekirch,2019,562.6409018,,,,,,1: Un
LU1:DF_X020(1.1),A: Annuelle,0603: Diekirch,2020,566.9887279,,,,,,1: Un
LU1:DF_X020(1.1),A: Annuelle,0603: Diekirch,2021,567.3913043,,,,,,1: Un
LU1:DF_X020(1.1),A: Annuelle,0603: Diekirch,2022,577.1336554,,,,,,1: Un
LU1:DF_X020(1.1),A: Annuelle,0603: Diekirch,2023,587.3590982,,,,,,1: Un
LU1:DF_X020(1.1),A: Annuelle,0603: Diekirch,2024,583.252818035427,,,,,,1: Un
LU1:DF_X020(1.1),A: Annuelle,0701: Beckerich,2015,84.75888772,,,,,,1: Un
LU1:DF_X020(1.1),A: Annuelle,0701: Beckerich,2016,85.77965505,,,,,,1: Un
LU1:DF_X020(1.1),A: Annuelle,0701: Beckerich,2017,87.60999648,,,,,,1: Un
LU1:DF_X020(1.1),A: Annuelle,0701: Beckerich,2018,88.63076382,,,,,,1: Un
LU1:DF_X020(1.1),A: Annuelle,0701: Beckerich,2019,92.18585005,,,,,,1: Un
LU1:DF_X020(1.1),A: Annuelle,0701: Beckerich,2020,95.31854981,,,,,,1: Un
LU1:DF_X020(1.1),A: Annuelle,0701: Beckerich,2021,97.9936642,,,,,,1: Un
LU1:DF_X020(1.1),A: Annuelle,0701: Beckerich,2022,98.97923266,,,,,,1: Un
LU1:DF_X020(1.1),A: Annuelle,0701: Beckerich,2023,100.8799718,,,,,,1: Un
LU1:DF_X020(1.1),A: Annuelle,0701: Beckerich,2024,101.161562829989,,,,,,1: Un
LU1:DF_X020(1.1),A: Annuelle,0303: Hesperange,2015,528.7656135,,,,,,1: Un
LU1:DF_X020(1.1),A: Annuelle,0303: Hesperange,2016,538.2072006,,,,,,1: Un
LU1:DF_X020(1.1),A: Annuelle,0303: Hesperange,2017,552.86554,,,,,,1: Un
LU1:DF_X020(1.1),A: Annuelle,0303: Hesperange,2018,560.1028655,,,,,,1: Un
LU1:DF_X020(1.1),A: Annuelle,0303: Hesperange,2019,568.662748,,,,,,1: Un
LU1:DF_X020(1.1),A: Annuelle,0303: Hesperange,2020,572.5202057,,,,,,1: Un
LU1:DF_X020(1.1),A: Annuelle,0303: Hesperange,2021,575.2020573,,,,,,1: Un
LU1:DF_X020(1.1),A: Annuelle,0303: Hesperange,2022,583.5047759,,,,,,1: Un
LU1:DF_X020(1.1),A: Annuelle,0303: Hesperange,2023,603.710507,,,,,,1: Un
LU1:DF_X020(1.1),A: Annuelle,0303: Hesperange,2024,618.515797207935,,,,,,1: Un
LU1:DF_X020(1.1),A: Annuelle,0609: Schieren,2015,177.4255524,,,,,,1: Un
LU1:DF_X020(1.1),A: Annuelle,0609: Schieren,2016,182.7089337,,,,,,1: Un
LU1:DF_X020(1.1),A: Annuelle,0609: Schieren,2017,192.5072046,,,,,,1: Un
LU1:DF_X020(1.1),A: Annuelle,0609: Schieren,2018,195.581172,,,,,,1: Un
LU1:DF_X020(1.1),A: Annuelle,0609: Schieren,2019,194.4284342,,,,,,1: Un
LU1:DF_X020(1.1),A: Annuelle,0609: Schieren,2020,195.8693564,,,,,,1: Un
LU1:DF_X020(1.1),A: Annuelle,0609: Schieren,2021,199.1354467,,,,,,1: Un
LU1:DF_X020(1.1),A: Annuelle,0609: Schieren,2022,202.7857829,,,,,,1: Un
LU1:DF_X020(1.1),A: Annuelle,0609: Schieren,2023,206.4361191,,,,,,1: Un
LU1:DF_X020(1.1),A: Annuelle,0609: Schieren,2024,207.108549471662,,,,,,1: Un
LU1:DF_X020(1.1),A: Annuelle,0602: Bourscheid,2015,44.68258275,,,,,,1: Un
LU1:DF_X020(1.1),A: Annuelle,0602: Bourscheid,2016,47.50406945,,,,,,1: Un
LU1:DF_X020(1.1),A: Annuelle,0602: Bourscheid,2017,49.37601736,,,,,,1: Un
LU1:DF_X020(1.1),A: Annuelle,0602: Bourscheid,2018,47.85675529,,,,,,1: Un
LU1:DF_X020(1.1),A: Annuelle,0602: Bourscheid,2019,46.79869778,,,,,,1: Un
LU1:DF_X020(1.1),A: Annuelle,0602: Bourscheid,2020,46.60879002,,,,,,1: Un
LU1:DF_X020(1.1),A: Annuelle,0602: Bourscheid,2021,46.14758546,,,,,,1: Un
LU1:DF_X020(1.1),A: Annuelle,0602: Bourscheid,2022,45.65925122,,,,,,1: Un
LU1:DF_X020(1.1),A: Annuelle,0602: Bourscheid,2023,45.52360282,,,,,,1: Un
LU1:DF_X020(1.1),A: Annuelle,0602: Bourscheid,2024,46.7715680954965,,,,,,1: Un
LU1:DF_X020(1.1),A: Annuelle,1207: Stadtbredimus,2015,164.6017699,,,,,,1: Un
LU1:DF_X020(1.1),A: Annuelle,1207: Stadtbredimus,2016,176.4011799,,,,,,1: Un
LU1:DF_X020(1.1),A: Annuelle,1207: Stadtbredimus,2017,183.480826,,,,,,1: Un
LU1:DF_X020(1.1),A: Annuelle,1207: Stadtbredimus,2018,187.2173058,,,,,,1: Un
LU1:DF_X020(1.1),A: Annuelle,1207: Stadtbredimus,2019,186.2340216,,,,,,1: Un
LU1:DF_X020(1.1),A: Annuelle,1207: Stadtbredimus,2020,191.4454277,,,,,,1: Un
LU1:DF_X020(1.1),A: Annuelle,1207: Stadtbredimus,2021,193.5103245,,,,,,1: Un
LU1:DF_X020(1.1),A: Annuelle,1207: Stadtbredimus,2022,194.4936087,,,,,,1: Un
LU1:DF_X020(1.1),A: Annuelle,1207: Stadtbredimus,2023,195.0835792,,,,,,1: Un
LU1:DF_X020(1.1),A: Annuelle,1207: Stadtbredimus,2024,195.870206489676,,,,,,1: Un
LU1:DF_X020(1.1),A: Annuelle,0806: Lac de la Haute-Sûre,2015,35.19587629,,,,,,1: Un
LU1:DF_X020(1.1),A: Annuelle,0806: Lac de la Haute-Sûre,2016,35.50515464,,,,,,1: Un
LU1:DF_X020(1.1),A: Annuelle,0806: Lac de la Haute-Sûre,2017,38.35051546,,,,,,1: Un
LU1:DF_X020(1.1),A: Annuelle,0806: Lac de la Haute-Sûre,2018,39.42268041,,,,,,1: Un
LU1:DF_X020(1.1),A: Annuelle,0806: Lac de la Haute-Sûre,2019,40.24742268,,,,,,1: Un
LU1:DF_X020(1.1),A: Annuelle,0806: Lac de la Haute-Sûre,2020,41.50515464,,,,,,1: Un
LU1:DF_X020(1.1),A: Annuelle,0806: Lac de la Haute-Sûre,2021,42.96907216,,,,,,1: Un
LU1:DF_X020(1.1),A: Annuelle,0806: Lac de la Haute-Sûre,2022,44.84536082,,,,,,1: Un
LU1:DF_X020(1.1),A: Annuelle,0806: Lac de la Haute-Sûre,2023,46.45360825,,,,,,1: Un
LU1:DF_X020(1.1),A: Annuelle,0806: Lac de la Haute-Sûre,2024,47.0309278350516,,,,,,1: Un
LU1:DF_X020(1.1),A: Annuelle,0703: Ell,2015,57.30858469,,,,,,1: Un
LU1:DF_X020(1.1),A: Annuelle,0703: Ell,2016,57.07656613,,,,,,1: Un
LU1:DF_X020(1.1),A: Annuelle,0703: Ell,2017,58.70069606,,,,,,1: Un
LU1:DF_X020(1.1),A: Annuelle,0703: Ell,2018,59.81438515,,,,,,1: Un
LU1:DF_X020(1.1),A: Annuelle,0703: Ell,2019,62.6450116,,,,,,1: Un
LU1:DF_X020(1.1),A: Annuelle,0703: Ell,2020,66.12529002,,,,,,1: Un
LU1:DF_X020(1.1),A: Annuelle,0703: Ell,2021,70.11600928,,,,,,1: Un
LU1:DF_X020(1.1),A: Annuelle,0703: Ell,2022,71.83294664,,,,,,1: Un
LU1:DF_X020(1.1),A: Annuelle,0703: Ell,2023,73.41067285,,,,,,1: Un
LU1:DF_X020(1.1),A: Annuelle,0703: Ell,2024,74.15313225058,,,,,,1: Un
LU1:DF_X020(1.1),A: Annuelle,0606: Feulen,2015,78.77855888,,,,,,1: Un
LU1:DF_X020(1.1),A: Annuelle,0606: Feulen,2016,83.6115993,,,,,,1: Un
LU1:DF_X020(1.1),A: Annuelle,0606: Feulen,2017,90.59753954,,,,,,1: Un
LU1:DF_X020(1.1),A: Annuelle,0606: Feulen,2018,91.3884007,,,,,,1: Un
LU1:DF_X020(1.1),A: Annuelle,0606: Feulen,2019,95.07908612,,,,,,1: Un
LU1:DF_X020(1.1),A: Annuelle,0606: Feulen,2020,97.71528998,,,,,,1: Un
LU1:DF_X020(1.1),A: Annuelle,0606: Feulen,2021,99.4288225,,,,,,1: Un
LU1:DF_X020(1.1),A: Annuelle,0606: Feulen,2022,100.659051,,,,,,1: Un
LU1:DF_X020(1.1),A: Annuelle,0606: Feulen,2023,103.9543058,,,,,,1: Un
LU1:DF_X020(1.1),A: Annuelle,0606: Feulen,2024,107.161687170475,,,,,,1: Un
LU1:DF_X020(1.1),A: Annuelle,0206: Kayl,2015,546.5006729,,,,,,1: Un
LU1:DF_X020(1.1),A: Annuelle,0206: Kayl,2016,554.9798116,,,,,,1: Un
LU1:DF_X020(1.1),A: Annuelle,0206: Kayl,2017,604.4414536,,,,,,1: Un
LU1:DF_X020(1.1),A: Annuelle,0206: Kayl,2018,612.2476447,,,,,,1: Un
LU1:DF_X020(1.1),A: Annuelle,0206: Kayl,2019,626.8506057,,,,,,1: Un
LU1:DF_X020(1.1),A: Annuelle,0206: Kayl,2020,639.7039031,,,,,,1: Un
LU1:DF_X020(1.1),A: Annuelle,0206: Kayl,2021,650.6056528,,,,,,1: Un
LU1:DF_X020(1.1),A: Annuelle,0206: Kayl,2022,654.1722746,,,,,,1: Un
LU1:DF_X020(1.1),A: Annuelle,0206: Kayl,2023,663.8627187,,,,,,1: Un
LU1:DF_X020(1.1),A: Annuelle,0206: Kayl,2024,665.477792732167,,,,,,1: Un
LU1:DF_X020(1.1),A: Annuelle,0501: Clervaux,2015,56.61375661,,,,,,1: Un
LU1:DF_X020(1.1),A: Annuelle,0501: Clervaux,2016,56.99000588,,,,,,1: Un
LU1:DF_X020(1.1),A: Annuelle,0501: Clervaux,2017,59.60023516,,,,,,1: Un
LU1:DF_X020(1.1),A: Annuelle,0501: Clervaux,2018,61.46972369,,,,,,1: Un
LU1:DF_X020(1.1),A: Annuelle,0501: Clervaux,2019,62.78659612,,,,,,1: Un
LU1:DF_X020(1.1),A: Annuelle,0501: Clervaux,2020,64.23280423,,,,,,1: Un
LU1:DF_X020(1.1),A: Annuelle,0501: Clervaux,2021,65.90241035,,,,,,1: Un
LU1:DF_X020(1.1),A: Annuelle,0501: Clervaux,2022,67.8659612,,,,,,1: Un
LU1:DF_X020(1.1),A: Annuelle,0501: Clervaux,2023,70.79365079,,,,,,1: Un
LU1:DF_X020(1.1),A: Annuelle,0501: Clervaux,2024,71.9694297472075,,,,,,1: Un
LU1:DF_X020(1.1),A: Annuelle,0601: Bettendorf,2015,113.1669535,,,,,,1: Un
LU1:DF_X020(1.1),A: Annuelle,0601: Bettendorf,2016,114.4148021,,,,,,1: Un
LU1:DF_X020(1.1),A: Annuelle,0601: Bettendorf,2017,118.4595525,,,,,,1: Un
LU1:DF_X020(1.1),A: Annuelle,0601: Bettendorf,2018,121.3855422,,,,,,1: Un
LU1:DF_X020(1.1),A: Annuelle,0601: Bettendorf,2019,122.9345955,,,,,,1: Un
LU1:DF_X020(1.1),A: Annuelle,0601: Bettendorf,2020,125.0860585,,,,,,1: Un
LU1:DF_X020(1.1),A: Annuelle,0601: Bettendorf,2021,124.8709122,,,,,,1: Un
LU1:DF_X020(1.1),A: Annuelle,0601: Bettendorf,2022,127.32358,,,,,,1: Un
LU1:DF_X020(1.1),A: Annuelle,0601: Bettendorf,2023,131.3253012,,,,,,1: Un
LU1:DF_X020(1.1),A: Annuelle,0601: Bettendorf,2024,133.132530120482,,,,,,1: Un
LU1:DF_X020(1.1),A: Annuelle,C10: Echternach,2015,95.54812978,,,,,,1: Un
LU1:DF_X020(1.1),A: Annuelle,C10: Echternach,2016,97.05184866,,,,,,1: Un
LU1:DF_X020(1.1),A: Annuelle,C10: Echternach,2017,100.7976717,,,,,,1: Un
LU1:DF_X020(1.1),A: Annuelle,C10: Echternach,2018,101.8594373,,,,,,1: Un
LU1:DF_X020(1.1),A: Annuelle,C10: Echternach,2019,102.1019726,,,,,,1: Un
LU1:DF_X020(1.1),A: Annuelle,C10: Echternach,2020,103.4224426,,,,,,1: Un
LU1:DF_X020(1.1),A: Annuelle,C10: Echternach,2021,104.8992131,,,,,,1: Un
LU1:DF_X020(1.1),A: Annuelle,C10: Echternach,2022,106.2628005,,,,,,1: Un
LU1:DF_X020(1.1),A: Annuelle,C10: Echternach,2023,109.3025763,,,,,,1: Un
LU1:DF_X020(1.1),A: Annuelle,C10: Echternach,2024,109.318745284036,,,,,,1: Un
LU1:DF_X020(1.1),A: Annuelle,0706: Redange,2015,81.78403756,,,,,,1: Un
LU1:DF_X020(1.1),A: Annuelle,0706: Redange,2016,81.65884194,,,,,,1: Un
LU1:DF_X020(1.1),A: Annuelle,0706: Redange,2017,87.48043818,,,,,,1: Un
LU1:DF_X020(1.1),A: Annuelle,0706: Redange,2018,88.38810642,,,,,,1: Un
LU1:DF_X020(1.1),A: Annuelle,0706: Redange,2019,88.9827856,,,,,,1: Un
LU1:DF_X020(1.1),A: Annuelle,0706: Redange,2020,90.92331768,,,,,,1: Un
LU1:DF_X020(1.1),A: Annuelle,0706: Redange,2021,91.07981221,,,,,,1: Un
LU1:DF_X020(1.1),A: Annuelle,0706: Redange,2022,93.58372457,,,,,,1: Un
LU1:DF_X020(1.1),A: Annuelle,0706: Redange,2023,95.74334898,,,,,,1: Un
LU1:DF_X020(1.1),A: Annuelle,0706: Redange,2024,96.3067292644757,,,,,,1: Un
LU1:DF_X020(1.1),A: Annuelle,0903: Vianden,2015,195.2430196,,,,,,1: Un
LU1:DF_X020(1.1),A: Annuelle,0903: Vianden,2016,198.3453981,,,,,,1: Un
LU1:DF_X020(1.1),A: Annuelle,0903: Vianden,2017,207.6525336,,,,,,1: Un
LU1:DF_X020(1.1),A: Annuelle,0903: Vianden,2018,208.3764219,,,,,,1: Un
LU1:DF_X020(1.1),A: Annuelle,0903: Vianden,2019,215.098242,,,,,,1: Un
LU1:DF_X020(1.1),A: Annuelle,0903: Vianden,2020,221.0961737,,,,,,1: Un
LU1:DF_X020(1.1),A: Annuelle,0903: Vianden,2021,223.4746639,,,,,,1: Un
LU1:DF_X020(1.1),A: Annuelle,0903: Vianden,2022,226.4736298,,,,,,1: Un
LU1:DF_X020(1.1),A: Annuelle,0903: Vianden,2023,227.8179938,,,,,,1: Un
LU1:DF_X020(1.1),A: Annuelle,0903: Vianden,2024,228.748707342296,,,,,,1: Un
LU1:DF_X020(1.1),A: Annuelle,0805: Kiischpelt,2015,33.05539011,,,,,,1: Un
LU1:DF_X020(1.1),A: Annuelle,0805: Kiischpelt,2016,33.17450864,,,,,,1: Un
LU1:DF_X020(1.1),A: Annuelle,0805: Kiischpelt,2017,34.7826087,,,,,,1: Un
LU1:DF_X020(1.1),A: Annuelle,0805: Kiischpelt,2018,35.79511614,,,,,,1: Un
LU1:DF_X020(1.1),A: Annuelle,0805: Kiischpelt,2019,35.76533651,,,,,,1: Un
LU1:DF_X020(1.1),A: Annuelle,0805: Kiischpelt,2020,36.15247171,,,,,,1: Un
LU1:DF_X020(1.1),A: Annuelle,0805: Kiischpelt,2021,36.00357356,,,,,,1: Un
LU1:DF_X020(1.1),A: Annuelle,0805: Kiischpelt,2022,36.6289458,,,,,,1: Un
LU1:DF_X020(1.1),A: Annuelle,0805: Kiischpelt,2023,37.52233472,,,,,,1: Un
LU1:DF_X020(1.1),A: Annuelle,0805: Kiischpelt,2024,37.5223347230494,,,,,,1: Un
LU1:DF_X020(1.1),A: Annuelle,0106: Koerich,2015,129.2372881,,,,,,1: Un
LU1:DF_X020(1.1),A: Annuelle,0106: Koerich,2016,133.4745763,,,,,,1: Un
LU1:DF_X020(1.1),A: Annuelle,0106: Koerich,2017,133.8983051,,,,,,1: Un
LU1:DF_X020(1.1),A: Annuelle,0106: Koerich,2018,136.5995763,,,,,,1: Un
LU1:DF_X020(1.1),A: Annuelle,0106: Koerich,2019,137.2351695,,,,,,1: Un
LU1:DF_X020(1.1),A: Annuelle,0106: Koerich,2020,138.559322,,,,,,1: Un
LU1:DF_X020(1.1),A: Annuelle,0106: Koerich,2021,139.9364407,,,,,,1: Un
LU1:DF_X020(1.1),A: Annuelle,0106: Koerich,2022,139.1949153,,,,,,1: Un
LU1:DF_X020(1.1),A: Annuelle,0106: Koerich,2023,143.3262712,,,,,,1: Un
LU1:DF_X020(1.1),A: Annuelle,0106: Koerich,2024,144.756355932203,,,,,,1: Un
LU1:DF_X020(1.1),A: Annuelle,0405: Heffingen,2015,90.02998501,,,,,,1: Un
LU1:DF_X020(1.1),A: Annuelle,0405: Heffingen,2016,92.87856072,,,,,,1: Un
LU1:DF_X020(1.1),A: Annuelle,0405: Heffingen,2017,98.72563718,,,,,,1: Un
LU1:DF_X020(1.1),A: Annuelle,0405: Heffingen,2018,104.4977511,,,,,,1: Un
LU1:DF_X020(1.1),A: Annuelle,0405: Heffingen,2019,110.0449775,,,,,,1: Un
LU1:DF_X020(1.1),A: Annuelle,0405: Heffingen,2020,112.7436282,,,,,,1: Un
LU1:DF_X020(1.1),A: Annuelle,0405: Heffingen,2021,113.9430285,,,,,,1: Un
LU1:DF_X020(1.1),A: Annuelle,0405: Heffingen,2022,113.9430285,,,,,,1: Un
LU1:DF_X020(1.1),A: Annuelle,0405: Heffingen,2023,116.1169415,,,,,,1: Un
LU1:DF_X020(1.1),A: Annuelle,0405: Heffingen,2024,116.041979010495,,,,,,1: Un
LU1:DF_X020(1.1),A: Annuelle,1102: Biwer,2015,78.89948007,,,,,,1: Un
LU1:DF_X020(1.1),A: Annuelle,1102: Biwer,2016,80.4592721,,,,,,1: Un
LU1:DF_X020(1.1),A: Annuelle,1102: Biwer,2017,78.55285962,,,,,,1: Un
LU1:DF_X020(1.1),A: Annuelle,1102: Biwer,2018,78.72616984,,,,,,1: Un
LU1:DF_X020(1.1),A: Annuelle,1102: Biwer,2019,80.63258232,,,,,,1: Un
LU1:DF_X020(1.1),A: Annuelle,1102: Biwer,2020,79.4627383,,,,,,1: Un
LU1:DF_X020(1.1),A: Annuelle,1102: Biwer,2021,81.62911612,,,,,,1: Un
LU1:DF_X020(1.1),A: Annuelle,1102: Biwer,2022,83.05892548,,,,,,1: Un
LU1:DF_X020(1.1),A: Annuelle,1102: Biwer,2023,83.44887348,,,,,,1: Un
LU1:DF_X020(1.1),A: Annuelle,1102: Biwer,2024,82.4956672443674,,,,,,1: Un
LU1:DF_X020(1.1),A: Annuelle,1106: Manternach,2015,68.09971098,,,,,,1: Un
LU1:DF_X020(1.1),A: Annuelle,1106: Manternach,2016,69.21965318,,,,,,1: Un
LU1:DF_X020(1.1),A: Annuelle,1106: Manternach,2017,74.71098266,,,,,,1: Un
LU1:DF_X020(1.1),A: Annuelle,1106: Manternach,2018,76.84248555,,,,,,1: Un
LU1:DF_X020(1.1),A: Annuelle,1106: Manternach,2019,78.14306358,,,,,,1: Un
LU1:DF_X020(1.1),A: Annuelle,1106: Manternach,2020,78.7933526,,,,,,1: Un
LU1:DF_X020(1.1),A: Annuelle,1106: Manternach,2021,80.05780347,,,,,,1: Un
LU1:DF_X020(1.1),A: Annuelle,1106: Manternach,2022,81.25,,,,,,1: Un
LU1:DF_X020(1.1),A: Annuelle,1106: Manternach,2023,83.02023121,,,,,,1: Un
LU1:DF_X020(1.1),A: Annuelle,1106: Manternach,2024,82.9479768786127,,,,,,1: Un
LU1:DF_X020(1.1),A: Annuelle,C01: Capellen,2015,223.4275388,,,,,,1: Un
LU1:DF_X020(1.1),A: Annuelle,C01: Capellen,2016,227.2777471,,,,,,1: Un
LU1:DF_X020(1.1),A: Annuelle,C01: Capellen,2017,236.9810752,,,,,,1: Un
LU1:DF_X020(1.1),A: Annuelle,C01: Capellen,2018,241.8904673,,,,,,1: Un
LU1:DF_X020(1.1),A: Annuelle,C01: Capellen,2019,246.3028964,,,,,,1: Un
LU1:DF_X020(1.1),A: Annuelle,C01: Capellen,2020,251.46328,,,,,,1: Un
LU1:DF_X020(1.1),A: Annuelle,C01: Capellen,2021,254.6709503,,,,,,1: Un
LU1:DF_X020(1.1),A: Annuelle,C01: Capellen,2022,259.4799458,,,,,,1: Un
LU1:DF_X020(1.1),A: Annuelle,C01: Capellen,2023,265.1874906,,,,,,1: Un
LU1:DF_X020(1.1),A: Annuelle,C01: Capellen,2024,272.837708950354,,,,,,1: Un
LU1:DF_X020(1.1),A: Annuelle,0205: Frisange,2015,222.6804124,,,,,,1: Un
LU1:DF_X020(1.1),A: Annuelle,0205: Frisange,2016,235.7026587,,,,,,1: Un
LU1:DF_X020(1.1),A: Annuelle,0205: Frisange,2017,247.2599023,,,,,,1: Un
LU1:DF_X020(1.1),A: Annuelle,0205: Frisange,2018,250.2441671,,,,,,1: Un
LU1:DF_X020(1.1),A: Annuelle,0205: Frisange,2019,254.0423223,,,,,,1: Un
LU1:DF_X020(1.1),A: Annuelle,0205: Frisange,2020,257.5149213,,,,,,1: Un
LU1:DF_X020(1.1),A: Annuelle,0205: Frisange,2021,258.7628866,,,,,,1: Un
LU1:DF_X020(1.1),A: Annuelle,0205: Frisange,2022,260.3906674,,,,,,1: Un
LU1:DF_X020(1.1),A: Annuelle,0205: Frisange,2023,266.521975,,,,,,1: Un
LU1:DF_X020(1.1),A: Annuelle,0205: Frisange,2024,269.56049918611,,,,,,1: Un
LU1:DF_X020(1.1),A: Annuelle,0402: Bissen,2015,137.1566265,,,,,,1: Un
LU1:DF_X020(1.1),A: Annuelle,0402: Bissen,2016,138.746988,,,,,,1: Un
LU1:DF_X020(1.1),A: Annuelle,0402: Bissen,2017,145.5903614,,,,,,1: Un
LU1:DF_X020(1.1),A: Annuelle,0402: Bissen,2018,149.1566265,,,,,,1: Un
LU1:DF_X020(1.1),A: Annuelle,0402: Bissen,2019,153.3975904,,,,,,1: Un
LU1:DF_X020(1.1),A: Annuelle,0402: Bissen,2020,154.9879518,,,,,,1: Un
LU1:DF_X020(1.1),A: Annuelle,0402: Bissen,2021,157.5421687,,,,,,1: Un
LU1:DF_X020(1.1),A: Annuelle,0402: Bissen,2022,160.4337349,,,,,,1: Un
LU1:DF_X020(1.1),A: Annuelle,0402: Bissen,2023,166.2650602,,,,,,1: Un
LU1:DF_X020(1.1),A: Annuelle,0402: Bissen,2024,168.289156626506,,,,,,1: Un
LU1:DF_X020(1.1),A: Annuelle,0210: Reckange-sur-Mess,2015,112.4877571,,,,,,1: Un
LU1:DF_X020(1.1),A: Annuelle,0210: Reckange-sur-Mess,2016,112.8305583,,,,,,1: Un
LU1:DF_X020(1.1),A: Annuelle,0210: Reckange-sur-Mess,2017,117.3849167,,,,,,1: Un
LU1:DF_X020(1.1),A: Annuelle,0210: Reckange-sur-Mess,2018,119.9314398,,,,,,1: Un
LU1:DF_X020(1.1),A: Annuelle,0210: Reckange-sur-Mess,2019,122.9676787,,,,,,1: Un
LU1:DF_X020(1.1),A: Annuelle,0210: Reckange-sur-Mess,2020,127.0323213,,,,,,1: Un
LU1:DF_X020(1.1),A: Annuelle,0210: Reckange-sur-Mess,2021,128.9911851,,,,,,1: Un
LU1:DF_X020(1.1),A: Annuelle,0210: Reckange-sur-Mess,2022,131.2438786,,,,,,1: Un
LU1:DF_X020(1.1),A: Annuelle,0210: Reckange-sur-Mess,2023,133.8883448,,,,,,1: Un
LU1:DF_X020(1.1),A: Annuelle,0210: Reckange-sur-Mess,2024,137.071498530852,,,,,,1: Un
LU1:DF_X020(1.1),A: Annuelle,0107: Kopstal,2015,422.4050633,,,,,,1: Un
LU1:DF_X020(1.1),A: Annuelle,0107: Kopstal,2016,436.4556962,,,,,,1: Un
LU1:DF_X020(1.1),A: Annuelle,0107: Kopstal,2017,464.9367089,,,,,,1: Un
LU1:DF_X020(1.1),A: Annuelle,0107: Kopstal,2018,485.9493671,,,,,,1: Un
LU1:DF_X020(1.1),A: Annuelle,0107: Kopstal,2019,491.6455696,,,,,,1: Un
LU1:DF_X020(1.1),A: Annuelle,0107: Kopstal,2020,511.1392405,,,,,,1: Un
LU1:DF_X020(1.1),A: Annuelle,0107: Kopstal,2021,521.0126582,,,,,,1: Un
LU1:DF_X020(1.1),A: Annuelle,0107: Kopstal,2022,529.7468354,,,,,,1: Un
LU1:DF_X020(1.1),A: Annuelle,0107: Kopstal,2023,542.5316456,,,,,,1: Un
LU1:DF_X020(1.1),A: Annuelle,0107: Kopstal,2024,569.746835443038,,,,,,1: Un
LU1:DF_X020(1.1),A: Annuelle,1107: Mertert,2015,281.0491803,,,,,,1: Un
LU1:DF_X020(1.1),A: Annuelle,1107: Mertert,2016,286.1639344,,,,,,1: Un
LU1:DF_X020(1.1),A: Annuelle,1107: Mertert,2017,297.0491803,,,,,,1: Un
LU1:DF_X020(1.1),A: Annuelle,1107: Mertert,2018,296.1967213,,,,,,1: Un
LU1:DF_X020(1.1),A: Annuelle,1107: Mertert,2019,299.2131148,,,,,,1: Un
LU1:DF_X020(1.1),A: Annuelle,1107: Mertert,2020,303.9344262,,,,,,1: Un
LU1:DF_X020(1.1),A: Annuelle,1107: Mertert,2021,308.3934426,,,,,,1: Un
LU1:DF_X020(1.1),A: Annuelle,1107: Mertert,2022,312.3934426,,,,,,1: Un
LU1:DF_X020(1.1),A: Annuelle,1107: Mertert,2023,335.5409836,,,,,,1: Un
LU1:DF_X020(1.1),A: Annuelle,1107: Mertert,2024,350.55737704918,,,,,,1: Un
LU1:DF_X020(1.1),A: Annuelle,0304: Luxembourg,2015,2162.592305,,,,,,1: Un
LU1:DF_X020(1.1),A: Annuelle,0304: Luxembourg,2016,2239.156627,,,,,,1: Un
LU1:DF_X020(1.1),A: Annuelle,0304: Luxembourg,2017,2221.200933,,,,,,1: Un
LU1:DF_X020(1.1),A: Annuelle,0304: Luxembourg,2018,2260.454722,,,,,,1: Un
LU1:DF_X020(1.1),A: Annuelle,0304: Luxembourg,2019,2316.653712,,,,,,1: Un
LU1:DF_X020(1.1),A: Annuelle,0304: Luxembourg,2020,2376.078508,,,,,,1: Un
LU1:DF_X020(1.1),A: Annuelle,0304: Luxembourg,2021,2419.529732,,,,,,1: Un
LU1:DF_X020(1.1),A: Annuelle,0304: Luxembourg,2022,2496.968519,,,,,,1: Un
LU1:DF_X020(1.1),A: Annuelle,0304: Luxembourg,2023,2580.25651,,,,,,1: Un
LU1:DF_X020(1.1),A: Annuelle,0304: Luxembourg,2024,2617.50874465604,,,,,,1: Un
LU1:DF_X020(1.1),A: Annuelle,0408: Lorentzweiler,2015,213.3524355,,,,,,1: Un
LU1:DF_X020(1.1),A: Annuelle,0408: Lorentzweiler,2016,217.6504298,,,,,,1: Un
LU1:DF_X020(1.1),A: Annuelle,0408: Lorentzweiler,2017,223.2664756,,,,,,1: Un
LU1:DF_X020(1.1),A: Annuelle,0408: Lorentzweiler,2018,228.4240688,,,,,,1: Un
LU1:DF_X020(1.1),A: Annuelle,0408: Lorentzweiler,2019,233.982808,,,,,,1: Un
LU1:DF_X020(1.1),A: Annuelle,0408: Lorentzweiler,2020,243.3237822,,,,,,1: Un
LU1:DF_X020(1.1),A: Annuelle,0408: Lorentzweiler,2021,249.1690544,,,,,,1: Un
LU1:DF_X020(1.1),A: Annuelle,0408: Lorentzweiler,2022,254.4985673,,,,,,1: Un
LU1:DF_X020(1.1),A: Annuelle,0408: Lorentzweiler,2023,259.0830946,,,,,,1: Un
LU1:DF_X020(1.1),A: Annuelle,0408: Lorentzweiler,2024,266.934097421203,,,,,,1: Un
LU1:DF_X020(1.1),A: Annuelle,0604: Erpeldange-sur-Sûre,2015,134.0567613,,,,,,1: Un
LU1:DF_X020(1.1),A: Annuelle,0604: Erpeldange-sur-Sûre,2016,133.3333333,,,,,,1: Un
LU1:DF_X020(1.1),A: Annuelle,0604: Erpeldange-sur-Sûre,2017,133.1107401,,,,,,1: Un
LU1:DF_X020(1.1),A: Annuelle,0604: Erpeldange-sur-Sûre,2018,130.1613801,,,,,,1: Un
LU1:DF_X020(1.1),A: Annuelle,0604: Erpeldange-sur-Sûre,2019,133.8898164,,,,,,1: Un
LU1:DF_X020(1.1),A: Annuelle,0604: Erpeldange-sur-Sûre,2020,138.1190874,,,,,,1: Un
LU1:DF_X020(1.1),A: Annuelle,0604: Erpeldange-sur-Sûre,2021,136.4496383,,,,,,1: Un
LU1:DF_X020(1.1),A: Annuelle,0604: Erpeldange-sur-Sûre,2022,135.5592654,,,,,,1: Un
LU1:DF_X020(1.1),A: Annuelle,0604: Erpeldange-sur-Sûre,2023,135.1697273,,,,,,1: Un
LU1:DF_X020(1.1),A: Annuelle,0604: Erpeldange-sur-Sûre,2024,138.786867000556,,,,,,1: Un
LU1:DF_X020(1.1),A: Annuelle,0709: Vichten,2015,88.74388254,,,,,,1: Un
LU1:DF_X020(1.1),A: Annuelle,0709: Vichten,2016,96.73735726,,,,,,1: Un
LU1:DF_X020(1.1),A: Annuelle,0709: Vichten,2017,101.6313214,,,,,,1: Un
LU1:DF_X020(1.1),A: Annuelle,0709: Vichten,2018,103.9151713,,,,,,1: Un
LU1:DF_X020(1.1),A: Annuelle,0709: Vichten,2019,106.7699837,,,,,,1: Un
LU1:DF_X020(1.1),A: Annuelle,0709: Vichten,2020,107.096248,,,,,,1: Un
LU1:DF_X020(1.1),A: Annuelle,0709: Vichten,2021,110.9298532,,,,,,1: Un
LU1:DF_X020(1.1),A: Annuelle,0709: Vichten,2022,112.1533442,,,,,,1: Un
LU1:DF_X020(1.1),A: Annuelle,0709: Vichten,2023,116.2316476,,,,,,1: Un
LU1:DF_X020(1.1),A: Annuelle,0709: Vichten,2024,115.986949429038,,,,,,1: Un
LU1:DF_X020(1.1),A: Annuelle,1209: Bous-Waldbredimus,2015,86.5,,,,,,1: Un
LU1:DF_X020(1.1),A: Annuelle,1209: Bous-Waldbredimus,2016,87.3928571428571,,,,,,1: Un
LU1:DF_X020(1.1),A: Annuelle,1209: Bous-Waldbredimus,2017,94.6785714285714,,,,,,1: Un
LU1:DF_X020(1.1),A: Annuelle,1209: Bous-Waldbredimus,2018,97.75,,,,,,1: Un
LU1:DF_X020(1.1),A: Annuelle,1209: Bous-Waldbredimus,2019,101.178571428571,,,,,,1: Un
LU1:DF_X020(1.1),A: Annuelle,1209: Bous-Waldbredimus,2020,103.892857142857,,,,,,1: Un
LU1:DF_X020(1.1),A: Annuelle,1209: Bous-Waldbredimus,2021,106.607142857143,,,,,,1: Un
LU1:DF_X020(1.1),A: Annuelle,1209: Bous-Waldbredimus,2022,105.464285714286,,,,,,1: Un
LU1:DF_X020(1.1),A: Annuelle,1209: Bous-Waldbredimus,2023,110.321428571429,,,,,,1: Un
LU1:DF_X020(1.1),A: Annuelle,1209: Bous-Waldbredimus,2024,113.035714285714,,,,,,1: Un
LU1:DF_X020(1.1),A: Annuelle,0708: Useldange,2015,70.56856187,,,,,,1: Un
LU1:DF_X020(1.1),A: Annuelle,0708: Useldange,2016,69.31438127,,,,,,1: Un
LU1:DF_X020(1.1),A: Annuelle,0708: Useldange,2017,75.25083612,,,,,,1: Un
LU1:DF_X020(1.1),A: Annuelle,0708: Useldange,2018,78.05183946,,,,,,1: Un
LU1:DF_X020(1.1),A: Annuelle,0708: Useldange,2019,79.43143813,,,,,,1: Un
LU1:DF_X020(1.1),A: Annuelle,0708: Useldange,2020,81.18729097,,,,,,1: Un
LU1:DF_X020(1.1),A: Annuelle,0708: Useldange,2021,82.14882943,,,,,,1: Un
LU1:DF_X020(1.1),A: Annuelle,0708: Useldange,2022,84.53177258,,,,,,1: Un
LU1:DF_X020(1.1),A: Annuelle,0708: Useldange,2023,86.74749164,,,,,,1: Un
LU1:DF_X020(1.1),A: Annuelle,0708: Useldange,2024,89.5903010033445,,,,,,1: Un
LU1:DF_X020(1.1),A: Annuelle,1008: Waldbillig,2015,66.75257732,,,,,,1: Un
LU1:DF_X020(1.1),A: Annuelle,1008: Waldbillig,2016,70.6185567,,,,,,1: Un
LU1:DF_X020(1.1),A: Annuelle,1008: Waldbillig,2017,75.90206186,,,,,,1: Un
LU1:DF_X020(1.1),A: Annuelle,1008: Waldbillig,2018,76.58934708,,,,,,1: Un
LU1:DF_X020(1.1),A: Annuelle,1008: Waldbillig,2019,77.44845361,,,,,,1: Un
LU1:DF_X020(1.1),A: Annuelle,1008: Waldbillig,2020,78.69415808,,,,,,1: Un
LU1:DF_X020(1.1),A: Annuelle,1008: Waldbillig,2021,81.70103093,,,,,,1: Un
LU1:DF_X020(1.1),A: Annuelle,1008: Waldbillig,2022,82.56013746,,,,,,1: Un
LU1:DF_X020(1.1),A: Annuelle,1008: Waldbillig,2023,84.19243986,,,,,,1: Un
LU1:DF_X020(1.1),A: Annuelle,1008: Waldbillig,2024,83.6769759450172,,,,,,1: Un
LU1:DF_X020(1.1),A: Annuelle,1202: Dalheim,2015,107.1127503,,,,,,1: Un
LU1:DF_X020(1.1),A: Annuelle,1202: Dalheim,2016,107.7449947,,,,,,1: Un
LU1:DF_X020(1.1),A: Annuelle,1202: Dalheim,2017,113.1717597,,,,,,1: Un
LU1:DF_X020(1.1),A: Annuelle,1202: Dalheim,2018,119.1780822,,,,,,1: Un
LU1:DF_X020(1.1),A: Annuelle,1202: Dalheim,2019,122.4973656,,,,,,1: Un
LU1:DF_X020(1.1),A: Annuelle,1202: Dalheim,2020,124.1306639,,,,,,1: Un
LU1:DF_X020(1.1),A: Annuelle,1202: Dalheim,2021,124.2360379,,,,,,1: Un
LU1:DF_X020(1.1),A: Annuelle,1202: Dalheim,2022,125.658588,,,,,,1: Un
LU1:DF_X020(1.1),A: Annuelle,1202: Dalheim,2023,126.8703899,,,,,,1: Un
LU1:DF_X020(1.1),A: Annuelle,1202: Dalheim,2024,125.869336143309,,,,,,1: Un
LU1:DF_X020(1.1),A: Annuelle,0406: Larochette,2015,137.7922078,,,,,,1: Un
LU1:DF_X020(1.1),A: Annuelle,0406: Larochette,2016,136.4285714,,,,,,1: Un
LU1:DF_X020(1.1),A: Annuelle,0406: Larochette,2017,140.3896104,,,,,,1: Un
LU1:DF_X020(1.1),A: Annuelle,0406: Larochette,2018,139.3506494,,,,,,1: Un
LU1:DF_X020(1.1),A: Annuelle,0406: Larochette,2019,139.7402597,,,,,,1: Un
LU1:DF_X020(1.1),A: Annuelle,0406: Larochette,2020,142.4675325,,,,,,1: Un
LU1:DF_X020(1.1),A: Annuelle,0406: Larochette,2021,144.1558442,,,,,,1: Un
LU1:DF_X020(1.1),A: Annuelle,0406: Larochette,2022,142.7272727,,,,,,1: Un
LU1:DF_X020(1.1),A: Annuelle,0406: Larochette,2023,143.3766234,,,,,,1: Un
LU1:DF_X020(1.1),A: Annuelle,0406: Larochette,2024,144.805194805195,,,,,,1: Un
LU1:DF_X020(1.1),A: Annuelle,0608: Reisdorf,2015,74.46091644,,,,,,1: Un
LU1:DF_X020(1.1),A: Annuelle,0608: Reisdorf,2016,75.53908356,,,,,,1: Un
LU1:DF_X020(1.1),A: Annuelle,0608: Reisdorf,2017,80.99730458,,,,,,1: Un
LU1:DF_X020(1.1),A: Annuelle,0608: Reisdorf,2018,81.26684636,,,,,,1: Un
LU1:DF_X020(1.1),A: Annuelle,0608: Reisdorf,2019,83.15363881,,,,,,1: Un
LU1:DF_X020(1.1),A: Annuelle,0608: Reisdorf,2020,85.98382749,,,,,,1: Un
LU1:DF_X020(1.1),A: Annuelle,0608: Reisdorf,2021,86.79245283,,,,,,1: Un
LU1:DF_X020(1.1),A: Annuelle,0608: Reisdorf,2022,88.88140162,,,,,,1: Un
LU1:DF_X020(1.1),A: Annuelle,0608: Reisdorf,2023,91.17250674,,,,,,1: Un
LU1:DF_X020(1.1),A: Annuelle,0608: Reisdorf,2024,96.3611859838275,,,,,,1: Un
LU1:DF_X020(1.1),A: Annuelle,C05: Clervaux,2015,49.16269691,,,,,,1: Un
LU1:DF_X020(1.1),A: Annuelle,C05: Clervaux,2016,50.05114417,,,,,,1: Un
LU1:DF_X020(1.1),A: Annuelle,C05: Clervaux,2017,51.52701873,,,,,,1: Un
LU1:DF_X020(1.1),A: Annuelle,C05: Clervaux,2018,52.84215448,,,,,,1: Un
LU1:DF_X020(1.1),A: Annuelle,C05: Clervaux,2019,53.87965047,,,,,,1: Un
LU1:DF_X020(1.1),A: Annuelle,C05: Clervaux,2020,55.34091241,,,,,,1: Un
LU1:DF_X020(1.1),A: Annuelle,C05: Clervaux,2021,56.64435807,,,,,,1: Un
LU1:DF_X020(1.1),A: Annuelle,C05: Clervaux,2022,58.49723821,,,,,,1: Un
LU1:DF_X020(1.1),A: Annuelle,C05: Clervaux,2023,60.45825175,,,,,,1: Un
LU1:DF_X020(1.1),A: Annuelle,C05: Clervaux,2024,61.9984218370985,,,,,,1: Un
LU1:DF_X020(1.1),A: Annuelle,0310: Walferdange,2015,1107.507082,,,,,,1: Un
LU1:DF_X020(1.1),A: Annuelle,0310: Walferdange,2016,1107.365439,,,,,,1: Un
LU1:DF_X020(1.1),A: Annuelle,0310: Walferdange,2017,1139.660057,,,,,,1: Un
LU1:DF_X020(1.1),A: Annuelle,0310: Walferdange,2018,1157.082153,,,,,,1: Un
LU1:DF_X020(1.1),A: Annuelle,0310: Walferdange,2019,1165.864023,,,,,,1: Un
LU1:DF_X020(1.1),A: Annuelle,0310: Walferdange,2020,1193.201133,,,,,,1: Un
LU1:DF_X020(1.1),A: Annuelle,0310: Walferdange,2021,1192.351275,,,,,,1: Un
LU1:DF_X020(1.1),A: Annuelle,0310: Walferdange,2022,1211.331445,,,,,,1: Un
LU1:DF_X020(1.1),A: Annuelle,0310: Walferdange,2023,1236.543909,,,,,,1: Un
LU1:DF_X020(1.1),A: Annuelle,0310: Walferdange,2024,1255.80736543909,,,,,,1: Un
LU1:DF_X020(1.1),A: Annuelle,0108: Mamer,2015,307.2984749,,,,,,1: Un
LU1:DF_X020(1.1),A: Annuelle,0108: Mamer,2016,315.7225853,,,,,,1: Un
LU1:DF_X020(1.1),A: Annuelle,0108: Mamer,2017,333.5148874,,,,,,1: Un
LU1:DF_X020(1.1),A: Annuelle,0108: Mamer,2018,345.9694989,,,,,,1: Un
LU1:DF_X020(1.1),A: Annuelle,0108: Mamer,2019,353.3042847,,,,,,1: Un
LU1:DF_X020(1.1),A: Annuelle,0108: Mamer,2020,359.9491649,,,,,,1: Un
LU1:DF_X020(1.1),A: Annuelle,0108: Mamer,2021,371.0239651,,,,,,1: Un
LU1:DF_X020(1.1),A: Annuelle,0108: Mamer,2022,380.2832244,,,,,,1: Un
LU1:DF_X020(1.1),A: Annuelle,0108: Mamer,2023,386.4560639,,,,,,1: Un
LU1:DF_X020(1.1),A: Annuelle,0108: Mamer,2024,401.416122004357,,,,,,1: Un
